url_x,pgn,time_control,end_time,rated,tcn,uuid,initial_setup,fen,time_class,rules,white,black,accuracies,tournament,name,avatar,player_id,@id,url_y,username,title,followers,country,location,last_online,joined,status,is_streamer,verified,league
https://www.chess.com/game/live/105282586877,"[Event ""Live Chess""]
[Site ""Chess.com""]
[Date ""2024.03.27""]
[Round ""-""]
[White ""aryastark173119""]
[Black ""arvielozano1""]
[Result ""0-1""]
[CurrentPosition ""7k/pp6/3p3p/8/1P2pb2/P3qP1K/6R1/8 w - -""]
[Timezone ""UTC""]
[ECO ""A49""]
[ECOUrl ""https://www.chess.com/openings/Indian-Game-East-Indian-Przepiorka-Variation-3...Bg7""]
[UTCDate ""2024.03.27""]
[UTCTime ""12:43:43""]
[WhiteElo ""2031""]
[BlackElo ""1837""]
[TimeControl ""900""]
[Termination ""arvielozano1 won by resignation""]
[StartTime ""12:43:43""]
[EndDate ""2024.03.27""]
[EndTime ""13:09:27""]
[Link ""https://www.chess.com/game/live/105282586877""]

1. d4 {[%clk 0:14:58.8]} 1... g6 {[%clk 0:14:49.3]} 2. Nf3 {[%clk 0:14:53.6]} 2... Bg7 {[%clk 0:14:47.8]} 3. g3 {[%clk 0:14:52.7]} 3... Nf6 {[%clk 0:14:46.6]} 4. Bg2 {[%clk 0:14:51.7]} 4... d6 {[%clk 0:14:44.5]} 5. O-O {[%clk 0:14:48.3]} 5... O-O {[%clk 0:14:43.1]} 6. c4 {[%clk 0:14:46.7]} 6... Bf5 {[%clk 0:14:39.6]} 7. Nc3 {[%clk 0:14:40.4]} 7... Qc8 {[%clk 0:14:37.5]} 8. Re1 {[%clk 0:13:58.1]} 8... Bh3 {[%clk 0:14:34.5]} 9. Bh1 {[%clk 0:13:57]} 9... h6 {[%clk 0:14:28.1]} 10. e4 {[%clk 0:13:53.1]} 10... Nc6 {[%clk 0:13:58]} 11. a3 {[%clk 0:13:25.4]} 11... e5 {[%clk 0:13:44.6]} 12. d5 {[%clk 0:13:00.8]} 12... Ne7 {[%clk 0:13:34.3]} 13. Qd3 {[%clk 0:12:49]} 13... Nh5 {[%clk 0:12:41.5]} 14. Nd2 {[%clk 0:12:29]} 14... f5 {[%clk 0:12:14.4]} 15. Nf1 {[%clk 0:12:19.6]} 15... f4 {[%clk 0:11:52]} 16. b4 {[%clk 0:12:14.3]} 16... Qg4 {[%clk 0:11:08.7]} 17. f3 {[%clk 0:12:03.6]} 17... Qd7 {[%clk 0:10:58.1]} 18. c5 {[%clk 0:11:53.9]} 18... Bxf1 {[%clk 0:10:04.6]} 19. Qxf1 {[%clk 0:10:59]} 19... fxg3 {[%clk 0:10:02]} 20. hxg3 {[%clk 0:10:52.4]} 20... Nxg3 {[%clk 0:09:59.7]} 21. Qg2 {[%clk 0:10:48.7]} 21... Nxh1 {[%clk 0:09:51.5]} 22. Qxh1 {[%clk 0:10:46.1]} 22... g5 {[%clk 0:09:48.5]} 23. Qh5 {[%clk 0:10:26.9]} 23... Rf6 {[%clk 0:09:26.9]} 24. Bd2 {[%clk 0:09:25.3]} 24... Raf8 {[%clk 0:09:23]} 25. Re3 {[%clk 0:08:49]} 25... Rf4 {[%clk 0:07:46.1]} 26. Rd3 {[%clk 0:08:25]} 26... Rh4 {[%clk 0:07:40]} 27. Qxh4 {[%clk 0:07:13.4]} 27... gxh4 {[%clk 0:07:37.5]} 28. Kh2 {[%clk 0:07:11.4]} 28... Ng6 {[%clk 0:07:11.6]} 29. Rg1 {[%clk 0:07:06.8]} 29... Nf4 {[%clk 0:07:08.8]} 30. Bxf4 {[%clk 0:07:02.4]} 30... Rxf4 {[%clk 0:06:43.4]} 31. cxd6 {[%clk 0:06:34.2]} 31... cxd6 {[%clk 0:06:39.4]} 32. Nd1 {[%clk 0:06:30.9]} 32... Qf7 {[%clk 0:05:29.3]} 33. Kg2 {[%clk 0:06:11.6]} 33... h3+ {[%clk 0:05:15.6]} 34. Kg3 {[%clk 0:05:56.2]} 34... h2 {[%clk 0:04:36.6]} 35. Rh1 {[%clk 0:05:31.7]} 35... Qg6+ {[%clk 0:04:33.5]} 36. Kf2 {[%clk 0:05:26.7]} 36... Qxe4 {[%clk 0:03:47.6]} 37. Re3 {[%clk 0:04:02.5]} 37... Qxd5 {[%clk 0:03:33.2]} 38. Nc3 {[%clk 0:04:01]} 38... Qd2+ {[%clk 0:03:12.9]} 39. Ne2 {[%clk 0:03:59.4]} 39... e4 {[%clk 0:02:46.9]} 40. Rxh2 {[%clk 0:02:58]} 40... Bd4 {[%clk 0:02:28.7]} 41. Rg2+ {[%clk 0:02:34.2]} 41... Kh8 {[%clk 0:02:24.7]} 42. Kg3 {[%clk 0:02:32.9]} 42... Bxe3 {[%clk 0:02:19.3]} 43. Nxf4 {[%clk 0:02:31]} 43... Bxf4+ {[%clk 0:02:17.2]} 44. Kh3 {[%clk 0:02:30.4]} 44... Qe3 {[%clk 0:02:12.9]} 0-1
",900,1711544967,True,lB2Ugv92ow!TfoZReg8!kA6Lbs76feLxoh3VmC5Qiq0KBJQ0dtTNvl1LlfLDjz6EnvEZAIxftfDwpwNwfowhohUMhN9Tcl49euTDutDFNFMFgp0UagUDlD9DIRYRsdZ1poFxowxpgh1UwnUCtuCJdsJlsmKChp2Bpo!?nwBumDuDwxlu,99c08023-ec37-11ee-bd0d-6cfe544c0428,rnbqkbnr/pppppppp/8/8/8/8/PPPPPPPP/RNBQKBNR w KQkq - 0 1,7k/pp6/3p3p/8/1P2pb2/P3qP1K/6R1/8 w - -,rapid,chess,"{'rating': 2031, 'result': 'resigned', '@id': 'https://api.chess.com/pub/player/aryastark173119', 'username': 'aryastark173119', 'uuid': 'be83fcee-d6ef-11e6-800a-000000000000'}","{'rating': 1837, 'result': 'win', '@id': 'https://api.chess.com/pub/player/arvielozano1', 'username': 'arvielozano1', 'uuid': 'd5dbbcc2-3970-11ec-b3dc-2f5d91af254c'}",,,arvielozano1,https://images.chesscomfiles.com/uploads/v1/user/159723925.cac19dba.200x200o.7d85492b2b59.jpg,159723925,https://api.chess.com/pub/player/arvielozano1,https://www.chess.com/member/arvielozano1,arvielozano1,WNM,20,https://api.chess.com/pub/country/TH,Bangkok,1711874145,1635591732,premium,False,False,Silver
https://www.chess.com/game/live/53427554017,"[Event ""Live Chess""]
[Site ""Chess.com""]
[Date ""2022.08.05""]
[Round ""-""]
[White ""Chickay""]
[Black ""THPinto""]
[Result ""1-0""]
[CurrentPosition ""r4r2/pppk2pp/2n1p3/2Q4q/2ppR3/5P2/PPP3PP/RNB3K1 w - -""]
[Timezone ""UTC""]
[ECO ""C55""]
[ECOUrl ""https://www.chess.com/openings/Scotch-Game-Dubois-Reti-Max-Lange-Attack""]
[UTCDate ""2022.08.05""]
[UTCTime ""08:33:35""]
[WhiteElo ""1944""]
[BlackElo ""1839""]
[TimeControl ""600""]
[Termination ""Chickay won by resignation""]
[StartTime ""08:33:35""]
[EndDate ""2022.08.05""]
[EndTime ""08:37:20""]
[Link ""https://www.chess.com/game/live/53427554017""]

1. e4 {[%clk 0:09:58.8]} 1... e5 {[%clk 0:09:58.4]} 2. Nf3 {[%clk 0:09:54.3]} 2... Nc6 {[%clk 0:09:56.4]} 3. Bc4 {[%clk 0:09:50.9]} 3... Bc5 {[%clk 0:09:52.8]} 4. O-O {[%clk 0:09:49.5]} 4... Nf6 {[%clk 0:09:50.4]} 5. d4 {[%clk 0:09:47.4]} 5... exd4 {[%clk 0:09:44.5]} 6. e5 {[%clk 0:09:42.7]} 6... d5 {[%clk 0:09:06.3]} 7. exf6 {[%clk 0:09:34.9]} 7... dxc4 {[%clk 0:09:04.5]} 8. Re1+ {[%clk 0:09:32.1]} 8... Be6 {[%clk 0:09:02.1]} 9. Ng5 {[%clk 0:09:30.3]} 9... Qxf6 {[%clk 0:08:52.9]} 10. Nxe6 {[%clk 0:09:27.5]} 10... fxe6 {[%clk 0:08:49.8]} 11. Qh5+ {[%clk 0:09:25.2]} 11... Kd7 {[%clk 0:08:38.7]} 12. Qxc5 {[%clk 0:09:22.6]} 12... Rhf8 {[%clk 0:08:35]} 13. f3 {[%clk 0:09:06.4]} 13... Qh4 {[%clk 0:07:52.9]} 14. Re4 {[%clk 0:08:51.5]} 14... Qh5 {[%clk 0:07:33.6]} 1-0
",600,1659688640,True,mC0Kgv5QfA9Ieg!TlBKBCKZJKTJAfe6SvM7TMS1SdN8ZNI?9nvTFeCFN,4aadcf96-1499-11ed-869e-78ac4409ff3c,rnbqkbnr/pppppppp/8/8/8/8/PPPPPPPP/RNBQKBNR w KQkq - 0 1,r4r2/pppk2pp/2n1p3/2Q4q/2ppR3/5P2/PPP3PP/RNB3K1 w - -,rapid,chess,"{'rating': 1944, 'result': 'win', '@id': 'https://api.chess.com/pub/player/chickay', 'username': 'Chickay', 'uuid': 'ea59f196-8c5e-11e2-8062-000000000000'}","{'rating': 1839, 'result': 'resigned', '@id': 'https://api.chess.com/pub/player/thpinto', 'username': 'THPinto', 'uuid': '7fbe4058-20c3-11e4-803e-000000000000'}",,,chickay,https://images.chesscomfiles.com/uploads/v1/user/11137598.7744a0e7.200x200o.11ebfe314493.jpeg,11137598,https://api.chess.com/pub/player/chickay,https://www.chess.com/member/Chickay,chickay,WNM,38,https://api.chess.com/pub/country/PH,manila,1687315167,1363235006,premium,False,False,Stone
https://www.chess.com/game/live/61057887433,"[Event ""Live Chess""]
[Site ""Chess.com""]
[Date ""2022.11.01""]
[Round ""-""]
[White ""Resignify""]
[Black ""crushernt""]
[Result ""1-0""]
[Tournament ""https://www.chess.com/tournament/live/early-titled-tuesday-blitz-november-01-2022-3508527""]
[CurrentPosition ""Q5k1/4r1bp/1q1Np3/3pPp1B/2pP1P2/1bP4P/1P4R1/2B3K1 b - -""]
[Timezone ""UTC""]
[ECO ""B23""]
[ECOUrl ""https://www.chess.com/openings/Closed-Sicilian-Defense...3.g3-g6-4.Bg2-Bg7-5.d3""]
[UTCDate ""2022.11.01""]
[UTCTime ""16:11:11""]
[WhiteElo ""2210""]
[BlackElo ""1863""]
[TimeControl ""180+1""]
[Termination ""Resignify won by resignation""]
[StartTime ""16:11:11""]
[EndDate ""2022.11.01""]
[EndTime ""16:18:04""]
[Link ""https://www.chess.com/game/live/61057887433""]

1. e4 {[%clk 0:03:00.9]} 1... c5 {[%clk 0:02:59.9]} 2. Nc3 {[%clk 0:02:59.8]} 2... d6 {[%clk 0:03:00.1]} 3. g3 {[%clk 0:03:00.3]} 3... g6 {[%clk 0:03:00]} 4. Bg2 {[%clk 0:03:00.5]} 4... Bg7 {[%clk 0:03:00.4]} 5. d3 {[%clk 0:03:00.8]} 5... Nc6 {[%clk 0:03:00.1]} 6. f4 {[%clk 0:03:00.4]} 6... Nf6 {[%clk 0:02:59.1]} 7. Nf3 {[%clk 0:02:59.6]} 7... e6 {[%clk 0:02:59.1]} 8. O-O {[%clk 0:02:58.9]} 8... Rb8 {[%clk 0:02:59.4]} 9. a4 {[%clk 0:02:55.8]} 9... a6 {[%clk 0:02:57.2]} 10. h3 {[%clk 0:02:53.2]} 10... O-O {[%clk 0:02:56.8]} 11. g4 {[%clk 0:02:52]} 11... b5 {[%clk 0:02:56.9]} 12. axb5 {[%clk 0:02:51.6]} 12... axb5 {[%clk 0:02:57.8]} 13. Be3 {[%clk 0:02:49.8]} 13... b4 {[%clk 0:02:56.7]} 14. Ne2 {[%clk 0:02:48.8]} 14... Qb6 {[%clk 0:02:50.1]} 15. Rb1 {[%clk 0:02:45]} 15... b3 {[%clk 0:02:48.8]} 16. c3 {[%clk 0:02:41]} 16... Ra8 {[%clk 0:02:41.6]} 17. Nd2 {[%clk 0:02:35.6]} 17... Rb8 {[%clk 0:02:31.4]} 18. Nc1 {[%clk 0:02:20.4]} 18... Na5 {[%clk 0:02:30.1]} 19. Ra1 {[%clk 0:02:13.7]} 19... Ba6 {[%clk 0:02:22.6]} 20. Rf2 {[%clk 0:01:55.9]} 20... Qb5 {[%clk 0:02:10.8]} 21. Bf1 {[%clk 0:01:54.9]} 21... d5 {[%clk 0:02:04.4]} 22. e5 {[%clk 0:01:29.8]} 22... Nd7 {[%clk 0:01:59.5]} 23. Ncxb3 {[%clk 0:01:23.4]} 23... Nxb3 {[%clk 0:01:54.7]} 24. Qxb3 {[%clk 0:01:20.7]} 24... Qc6 {[%clk 0:01:44.2]} 25. Qa3 {[%clk 0:01:15.8]} 25... Ra8 {[%clk 0:01:39.1]} 26. Qb3 {[%clk 0:00:59.2]} 26... Bc4 {[%clk 0:01:31.2]} 27. Qd1 {[%clk 0:00:56.8]} 27... Rxa1 {[%clk 0:01:25.8]} 28. Qxa1 {[%clk 0:00:57.7]} 28... Ra8 {[%clk 0:01:26]} 29. Qb1 {[%clk 0:00:54.3]} 29... Ba2 {[%clk 0:01:24.9]} 30. Qc1 {[%clk 0:00:53.6]} 30... f6 {[%clk 0:01:18.7]} 31. d4 {[%clk 0:00:47.6]} 31... c4 {[%clk 0:01:14.7]} 32. Bg2 {[%clk 0:00:40.4]} 32... Qb5 {[%clk 0:01:07.4]} 33. Qc2 {[%clk 0:00:34.7]} 33... Rb8 {[%clk 0:01:05.2]} 34. Nf3 {[%clk 0:00:32.5]} 34... Nb6 {[%clk 0:01:02.4]} 35. Bc1 {[%clk 0:00:28.7]} 35... f5 {[%clk 0:00:59.3]} 36. Ng5 {[%clk 0:00:22.3]} 36... Re8 {[%clk 0:00:54.5]} 37. gxf5 {[%clk 0:00:21.1]} 37... gxf5 {[%clk 0:00:55.4]} 38. Bf3 {[%clk 0:00:20.6]} 38... Na4 {[%clk 0:00:53.2]} 39. Bh5 {[%clk 0:00:18.1]} 39... Re7 {[%clk 0:00:52.7]} 40. Rg2 {[%clk 0:00:16.7]} 40... Kh8 {[%clk 0:00:51.7]} 41. Nf7+ {[%clk 0:00:16]} 41... Kg8 {[%clk 0:00:51.8]} 42. Nd6 {[%clk 0:00:14.8]} 42... Qb6 {[%clk 0:00:48.6]} 43. Qxa4 {[%clk 0:00:13.2]} 43... Bb3 {[%clk 0:00:46.8]} 44. Qa8+ {[%clk 0:00:12.7]} 1-0
",180+1,1667319484,True,mCYIbsZRow2Ufo92lt5QnD!Tgv0Seg45iyWOpx8!wEXHyHOHcuHzsm7Pabzrks54vl45mcQGba6OfnPHofRJCKTZcrGrdrHQrq54qrOArd4ada94abAibc1TtBIAfoQHck45lvZPucTLvM58ELULovPyvN80no!?M1?!1RHPkyiry4,cdf2893b-59ff-11ed-8568-78ac4409ff3c,rnbqkbnr/pppppppp/8/8/8/8/PPPPPPPP/RNBQKBNR w KQkq - 0 1,Q5k1/4r1bp/1q1Np3/3pPp1B/2pP1P2/1bP4P/1P4R1/2B3K1 b - -,blitz,chess,"{'rating': 2210, 'result': 'win', '@id': 'https://api.chess.com/pub/player/resignify', 'username': 'Resignify', 'uuid': '7c38aafe-846f-11e3-8020-000000000000'}","{'rating': 1863, 'result': 'resigned', '@id': 'https://api.chess.com/pub/player/crushernt', 'username': 'crushernt', 'uuid': '1146fc24-1c9b-11e7-8004-000000000000'}","{'white': 73.4, 'black': 65.26}",https://api.chess.com/pub/tournament/early-titled-tuesday-blitz-november-01-2022-3508527,crushernt,https://images.chesscomfiles.com/uploads/v1/user/164017827.3e704977.200x200o.5e7181a8486e.jpg,164017827,https://api.chess.com/pub/player/elayzzzuh,https://www.chess.com/member/elayzzzuh,elayzzzuh,WNM,650,https://api.chess.com/pub/country/PH,,1711725693,1638965260,premium,False,False,Crystal
https://www.chess.com/game/live/105456689673,"[Event ""Live Chess""]
[Site ""Chess.com""]
[Date ""2024.03.29""]
[Round ""-""]
[White ""ZijadBrkic""]
[Black ""elayzzzuh""]
[Result ""0-1""]
[CurrentPosition ""8/p7/8/1kp3r1/8/1K6/8/8 w - -""]
[Timezone ""UTC""]
[ECO ""C01""]
[ECOUrl ""https://www.chess.com/openings/French-Defense-Exchange-Variation-3...exd5-4.Bd3-Nc6""]
[UTCDate ""2024.03.29""]
[UTCTime ""13:11:03""]
[WhiteElo ""2042""]
[BlackElo ""2132""]
[TimeControl ""180""]
[Termination ""elayzzzuh won by resignation""]
[StartTime ""13:11:03""]
[EndDate ""2024.03.29""]
[EndTime ""13:16:27""]
[Link ""https://www.chess.com/game/live/105456689673""]

1. e4 {[%clk 0:03:00]} 1... e6 {[%clk 0:02:59.7]} 2. d4 {[%clk 0:02:59.2]} 2... d5 {[%clk 0:02:58.6]} 3. exd5 {[%clk 0:02:58.8]} 3... exd5 {[%clk 0:02:57.7]} 4. Bd3 {[%clk 0:02:58.7]} 4... Nc6 {[%clk 0:02:55.9]} 5. Ne2 {[%clk 0:02:57.9]} 5... Bd6 {[%clk 0:02:54.6]} 6. f3 {[%clk 0:02:54]} 6... Nge7 {[%clk 0:02:53.5]} 7. Bg5 {[%clk 0:02:50.3]} 7... f6 {[%clk 0:02:51.6]} 8. Bh4 {[%clk 0:02:49.6]} 8... Bf5 {[%clk 0:02:50.3]} 9. O-O {[%clk 0:02:45]} 9... Qd7 {[%clk 0:02:48.3]} 10. Nbc3 {[%clk 0:02:41.9]} 10... g5 {[%clk 0:02:46.7]} 11. Bg3 {[%clk 0:02:39.7]} 11... h5 {[%clk 0:02:41.9]} 12. Bxd6 {[%clk 0:02:33.5]} 12... Qxd6 {[%clk 0:02:40.4]} 13. f4 {[%clk 0:02:29.3]} 13... gxf4 {[%clk 0:02:37.5]} 14. Rxf4 {[%clk 0:02:27.9]} 14... Bg4 {[%clk 0:02:34.7]} 15. Qd2 {[%clk 0:02:21.3]} 15... O-O-O {[%clk 0:02:30.5]} 16. Raf1 {[%clk 0:02:18.9]} 16... f5 {[%clk 0:02:27.6]} 17. Bxf5+ {[%clk 0:02:09.5]} 17... Bxf5 {[%clk 0:02:24.3]} 18. Rxf5 {[%clk 0:02:08.7]} 18... Nxf5 {[%clk 0:02:21.3]} 19. Rxf5 {[%clk 0:02:07.8]} 19... Qg6 {[%clk 0:02:19.9]} 20. Rxd5 {[%clk 0:02:04]} 20... Rxd5 {[%clk 0:02:18.3]} 21. Nxd5 {[%clk 0:02:02.8]} 21... Rg8 {[%clk 0:02:17.3]} 22. Ndf4 {[%clk 0:02:01.9]} 22... Qe4 {[%clk 0:02:14.4]} 23. d5 {[%clk 0:01:59.8]} 23... Ne5 {[%clk 0:02:12.7]} 24. Kf2 {[%clk 0:01:46.2]} 24... Ng6 {[%clk 0:02:07.6]} 25. Qe3 {[%clk 0:01:42]} 25... Qxe3+ {[%clk 0:01:58.1]} 26. Kxe3 {[%clk 0:01:40.6]} 26... Re8+ {[%clk 0:01:55.9]} 27. Kf3 {[%clk 0:01:39.5]} 27... Nh4+ {[%clk 0:01:54]} 28. Kf2 {[%clk 0:01:36.4]} 28... Rf8 {[%clk 0:01:51.4]} 29. g3 {[%clk 0:01:33.5]} 29... Ng6 {[%clk 0:01:49.9]} 30. Kf3 {[%clk 0:01:32.4]} 30... Ne5+ {[%clk 0:01:48.6]} 31. Ke4 {[%clk 0:01:31.3]} 31... Ng4 {[%clk 0:01:47.7]} 32. h3 {[%clk 0:01:28.7]} 32... Re8+ {[%clk 0:01:44.2]} 33. Kf3 {[%clk 0:01:26]} 33... Nf6 {[%clk 0:01:43.2]} 34. c4 {[%clk 0:01:22.6]} 34... Kd7 {[%clk 0:01:41.1]} 35. a4 {[%clk 0:01:20.8]} 35... Ne4 {[%clk 0:01:40.2]} 36. b4 {[%clk 0:01:17.5]} 36... Nd2+ {[%clk 0:01:38.9]} 37. Kf2 {[%clk 0:01:15.9]} 37... Nxc4 {[%clk 0:01:38.1]} 38. Nxh5 {[%clk 0:01:14.7]} 38... Nb2 {[%clk 0:01:37.2]} 39. a5 {[%clk 0:01:11.8]} 39... Nd3+ {[%clk 0:01:36]} 40. Kf3 {[%clk 0:01:11.3]} 40... Nxb4 {[%clk 0:01:35.5]} 41. g4 {[%clk 0:01:10.7]} 41... Nxd5 {[%clk 0:01:34.8]} 42. g5 {[%clk 0:01:09.5]} 42... Re3+ {[%clk 0:01:31.7]} 43. Kf2 {[%clk 0:01:05.6]} 43... Rxh3 {[%clk 0:01:31.3]} 44. Nhf4 {[%clk 0:01:03.6]} 44... Nxf4 {[%clk 0:01:27.8]} 45. Nxf4 {[%clk 0:01:02.9]} 45... Rh8 {[%clk 0:01:26.9]} 46. g6 {[%clk 0:01:00.2]} 46... Rg8 {[%clk 0:01:26.3]} 47. Ke3 {[%clk 0:00:59.3]} 47... Kd6 {[%clk 0:01:23.5]} 48. Kd4 {[%clk 0:00:58.6]} 48... c5+ {[%clk 0:01:21]} 49. Kc4 {[%clk 0:00:57.6]} 49... Kc6 {[%clk 0:01:19.1]} 50. a6 {[%clk 0:00:44.3]} 50... b5+ {[%clk 0:01:16.3]} 51. Kc3 {[%clk 0:00:36]} 51... Kb6 {[%clk 0:01:15.3]} 52. Kd3 {[%clk 0:00:34.3]} 52... Kxa6 {[%clk 0:01:14.5]} 53. Kc3 {[%clk 0:00:33.7]} 53... Kb6 {[%clk 0:01:11.2]} 54. Nd5+ {[%clk 0:00:32.9]} 54... Kb7 {[%clk 0:01:08.6]} 55. Ne7 {[%clk 0:00:28.1]} 55... Rg7 {[%clk 0:01:07.3]} 56. Nf5 {[%clk 0:00:20.9]} 56... Rxg6 {[%clk 0:01:06.3]} 57. Kb3 {[%clk 0:00:17.3]} 57... Rg5 {[%clk 0:01:03.8]} 58. Nd6+ {[%clk 0:00:13.2]} 58... Kc6 {[%clk 0:01:01.8]} 59. Nxb5 {[%clk 0:00:10.2]} 59... Kxb5 {[%clk 0:01:00.2]} 0-1
",180,1711718187,True,mC0SlBZJCJSJft5Qgm9Rnv!0cM1TMF6Leg7Zbs2MFw3NwRZRvDMDfDLEdl86afTLtLELDL0LfLRULJ7JsJ?!JDUCBJQKgnKUluCunu!8uvUFvn89owFUnvUKvCKEpx98CvETkA6ZiyTCjzClvnlADNAjyGjtnvtzwEzJEM8uvnuxNDJDmDx?MU?!nuZRuBYIBARQGOXHAsQPstPOtsOPDJPXJ0!20L2UsrUMLRXQRHQH,c90e9a99-edcd-11ee-b95b-6cfe544c0428,rnbqkbnr/pppppppp/8/8/8/8/PPPPPPPP/RNBQKBNR w KQkq - 0 1,8/p7/8/1kp3r1/8/1K6/8/8 w - -,blitz,chess,"{'rating': 2042, 'result': 'resigned', '@id': 'https://api.chess.com/pub/player/zijadbrkic', 'username': 'ZijadBrkic', 'uuid': '8f747284-b602-11e1-801e-000000000000'}","{'rating': 2132, 'result': 'win', '@id': 'https://api.chess.com/pub/player/elayzzzuh', 'username': 'elayzzzuh', 'uuid': '70c2ceb6-581f-11ec-b0cb-f7a50a460957'}",,,elayzzzuh,https://images.chesscomfiles.com/uploads/v1/user/68322462.f2e14867.200x200o.3030fd8d8c2b.jpeg,68322462,https://api.chess.com/pub/player/francois2002,https://www.chess.com/member/francois2002,francois2002,WNM,59,https://api.chess.com/pub/country/PH,,1711333459,1574428463,premium,False,False,Bronze
https://www.chess.com/game/live/91445425315,"[Event ""Live Chess""]
[Site ""Chess.com""]
[Date ""2023.10.19""]
[Round ""-""]
[White ""Balboainchess""]
[Black ""francois2002""]
[Result ""1-0""]
[CurrentPosition ""4R1k1/5p1p/pp1q1Bp1/6P1/7P/P1N1K3/1P6/8 b - -""]
[Timezone ""UTC""]
[ECO ""A45""]
[ECOUrl ""https://www.chess.com/openings/Indian-Game-2.Nc3-g6-3.e4""]
[UTCDate ""2023.10.19""]
[UTCTime ""09:11:10""]
[WhiteElo ""2178""]
[BlackElo ""2218""]
[TimeControl ""60""]
[Termination ""Balboainchess won on time""]
[StartTime ""09:11:10""]
[EndDate ""2023.10.19""]
[EndTime ""09:13:26""]
[Link ""https://www.chess.com/game/live/91445425315""]

1. d4 {[%clk 0:01:00]} 1... Nf6 {[%clk 0:00:56.7]} 2. Nc3 {[%clk 0:00:58.4]} 2... g6 {[%clk 0:00:56.6]} 3. e4 {[%clk 0:00:58.1]} 3... Bg7 {[%clk 0:00:56.5]} 4. e5 {[%clk 0:00:57.2]} 4... O-O {[%clk 0:00:56.4]} 5. f4 {[%clk 0:00:57]} 5... d5 {[%clk 0:00:56.3]} 6. Nf3 {[%clk 0:00:56.4]} 6... c6 {[%clk 0:00:56.2]} 7. exf6 {[%clk 0:00:56.1]} 7... Bxf6 {[%clk 0:00:54.4]} 8. Bd3 {[%clk 0:00:56]} 8... Bg4 {[%clk 0:00:52.2]} 9. O-O {[%clk 0:00:55]} 9... Nd7 {[%clk 0:00:50.7]} 10. Be3 {[%clk 0:00:53.5]} 10... b6 {[%clk 0:00:47.5]} 11. h3 {[%clk 0:00:53]} 11... Be6 {[%clk 0:00:45.8]} 12. g4 {[%clk 0:00:50.3]} 12... c5 {[%clk 0:00:45.5]} 13. f5 {[%clk 0:00:49.1]} 13... c4 {[%clk 0:00:43.7]} 14. fxe6 {[%clk 0:00:48.5]} 14... cxd3 {[%clk 0:00:42]} 15. exd7 {[%clk 0:00:47.4]} 15... dxc2 {[%clk 0:00:40.5]} 16. Qxc2 {[%clk 0:00:47.3]} 16... Qxd7 {[%clk 0:00:39.9]} 17. Qd2 {[%clk 0:00:43.8]} 17... Rac8 {[%clk 0:00:39.1]} 18. Bh6 {[%clk 0:00:42.7]} 18... Rfe8 {[%clk 0:00:36.8]} 19. Rae1 {[%clk 0:00:40.8]} 19... Qd6 {[%clk 0:00:36.3]} 20. Ne5 {[%clk 0:00:36.8]} 20... a6 {[%clk 0:00:32.3]} 21. g5 {[%clk 0:00:36]} 21... Bxe5 {[%clk 0:00:30.8]} 22. dxe5 {[%clk 0:00:34.6]} 22... Qe6 {[%clk 0:00:30.2]} 23. Qf4 {[%clk 0:00:32]} 23... Rf8 {[%clk 0:00:24.7]} 24. Qg4 {[%clk 0:00:30.6]} 24... Qc6 {[%clk 0:00:23]} 25. Qf3 {[%clk 0:00:28.9]} 25... Qc5+ {[%clk 0:00:22.1]} 26. Kg2 {[%clk 0:00:26.9]} 26... d4 {[%clk 0:00:20.9]} 27. Ne4 {[%clk 0:00:26]} 27... Qc2+ {[%clk 0:00:19.3]} 28. Rf2 {[%clk 0:00:25]} 28... Qc6 {[%clk 0:00:16.6]} 29. Rd1 {[%clk 0:00:24.2]} 29... Qd5 {[%clk 0:00:14.4]} 30. Rfd2 {[%clk 0:00:22.9]} 30... Qxe5 {[%clk 0:00:12.8]} 31. Rxd4 {[%clk 0:00:21.4]} 31... Rc2+ {[%clk 0:00:11.9]} 32. R4d2 {[%clk 0:00:20.8]} 32... Rxd2+ {[%clk 0:00:11.1]} 33. Rxd2 {[%clk 0:00:20.7]} 33... Rc8 {[%clk 0:00:08]} 34. Rf2 {[%clk 0:00:18]} 34... Qe6 {[%clk 0:00:05.7]} 35. h4 {[%clk 0:00:15.1]} 35... Rc5 {[%clk 0:00:04.8]} 36. Nc3 {[%clk 0:00:12.7]} 36... Rf5 {[%clk 0:00:04.7]} 37. a3 {[%clk 0:00:12.5]} 37... Rxf3 {[%clk 0:00:03.8]} 38. Rxf3 {[%clk 0:00:12.4]} 38... Qd5 {[%clk 0:00:02.7]} 39. Kg3 {[%clk 0:00:11.5]} 39... Qd6+ {[%clk 0:00:02.6]} 40. Kg4 {[%clk 0:00:10.8]} 40... Qd7+ {[%clk 0:00:02.5]} 41. Kg3 {[%clk 0:00:10.7]} 41... Qe6 {[%clk 0:00:02.1]} 42. Rf4 {[%clk 0:00:10.6]} 42... Qd6 {[%clk 0:00:01.8]} 43. Kf3 {[%clk 0:00:10.5]} 43... e6 {[%clk 0:00:01.4]} 44. Bg7 {[%clk 0:00:10.4]} 44... e5 {[%clk 0:00:01.1]} 45. Bf6 {[%clk 0:00:10.3]} 45... e4+ {[%clk 0:00:00.9]} 46. Ke3 {[%clk 0:00:09.2]} 46... Qd5 {[%clk 0:00:00.8]} 47. Rxe4 {[%clk 0:00:09]} 47... Qd6 {[%clk 0:00:00.7]} 48. Re8+ {[%clk 0:00:08.5]} 1-0
",60,1697706806,True,lB!Tbs2UmC92CK8!nDZJgvYQKT2Tft6Eeg5ZcuXPpxESoEQIDLIALSAtSZtkdk7Zkl46uV98aeZRvKWOEMTKBKRSlD89DESQEvQIgoJBsCIkfnkQedQJnlJKlB6kBlkldl96lnKSxF6ICsILiqLvnvSJowJRwERZEwZSvDSRwv0SV2SK2TKCvuRJDCJRC8,72d145ca-6e5f-11ee-8f7c-6cfe544c0428,rnbqkbnr/pppppppp/8/8/8/8/PPPPPPPP/RNBQKBNR w KQkq - 0 1,4R1k1/5p1p/pp1q1Bp1/6P1/7P/P1N1K3/1P6/8 b - -,bullet,chess,"{'rating': 2178, 'result': 'win', '@id': 'https://api.chess.com/pub/player/balboainchess', 'username': 'Balboainchess', 'uuid': 'f0ae61e4-710d-11ea-932c-b907a562fefb'}","{'rating': 2218, 'result': 'timeout', '@id': 'https://api.chess.com/pub/player/francois2002', 'username': 'francois2002', 'uuid': '00b5a13a-0d2a-11ea-8bc7-5135e15db8aa'}",,,francois2002,https://images.chesscomfiles.com/uploads/v1/user/45876030.3bb662b8.200x200o.e88f5c6efc10.png,45876030,https://api.chess.com/pub/player/glysend,https://www.chess.com/member/GlysenD,glysend,WNM,23,https://api.chess.com/pub/country/PH,Cebu City,1710684508,1525399889,premium,False,False,Silver
https://www.chess.com/game/live/104424649479,"[Event ""Live Chess""]
[Site ""Chess.com""]
[Date ""2024.03.17""]
[Round ""-""]
[White ""GlysenD""]
[Black ""TomG1018""]
[Result ""1-0""]
[CurrentPosition ""8/3k2P1/6R1/4PK2/5P2/8/8/6r1 b - -""]
[Timezone ""UTC""]
[ECO ""A10""]
[ECOUrl ""https://www.chess.com/openings/English-Opening-Great-Snake-Variation-2.Nf3""]
[UTCDate ""2024.03.17""]
[UTCTime ""14:27:14""]
[WhiteElo ""2215""]
[BlackElo ""2123""]
[TimeControl ""180+2""]
[Termination ""GlysenD won by resignation""]
[StartTime ""14:27:14""]
[EndDate ""2024.03.17""]
[EndTime ""14:37:33""]
[Link ""https://www.chess.com/game/live/104424649479""]

1. c4 {[%clk 0:03:02]} 1... g6 {[%clk 0:03:02]} 2. Nf3 {[%clk 0:03:00.7]} 2... Bg7 {[%clk 0:03:02.7]} 3. d4 {[%clk 0:03:01.8]} 3... Nf6 {[%clk 0:03:03.5]} 4. Nc3 {[%clk 0:03:03]} 4... O-O {[%clk 0:03:03.6]} 5. g3 {[%clk 0:03:03.9]} 5... d6 {[%clk 0:03:04.8]} 6. Bg2 {[%clk 0:03:05.2]} 6... Re8 {[%clk 0:03:01.4]} 7. Bg5 {[%clk 0:02:59.8]} 7... h6 {[%clk 0:02:55.1]} 8. Bd2 {[%clk 0:02:54]} 8... Nbd7 {[%clk 0:02:53.9]} 9. O-O {[%clk 0:02:54.8]} 9... e5 {[%clk 0:02:53]} 10. dxe5 {[%clk 0:02:56]} 10... Nxe5 {[%clk 0:02:53.5]} 11. Nxe5 {[%clk 0:02:57.3]} 11... Rxe5 {[%clk 0:02:45.8]} 12. Bf4 {[%clk 0:02:53.7]} 12... Re8 {[%clk 0:02:43.9]} 13. h4 {[%clk 0:02:48]} 13... Rb8 {[%clk 0:02:35.3]} 14. Qc2 {[%clk 0:02:35.9]} 14... Be6 {[%clk 0:02:23.4]} 15. Nd5 {[%clk 0:02:22.6]} 15... Nxd5 {[%clk 0:02:17.2]} 16. cxd5 {[%clk 0:02:23.5]} 16... Bd7 {[%clk 0:02:09]} 17. Rac1 {[%clk 0:02:24.1]} 17... Rc8 {[%clk 0:01:58]} 18. Qd2 {[%clk 0:02:19]} 18... Kh7 {[%clk 0:01:56.8]} 19. Be3 {[%clk 0:02:05]} 19... a6 {[%clk 0:01:49.6]} 20. Rfe1 {[%clk 0:02:05.7]} 20... Qf6 {[%clk 0:01:42.7]} 21. b3 {[%clk 0:01:47.3]} 21... c6 {[%clk 0:01:33.7]} 22. Rc4 {[%clk 0:01:34.9]} 22... cxd5 {[%clk 0:01:25.7]} 23. Bd4 {[%clk 0:01:30.1]} 23... Qd8 {[%clk 0:01:20.5]} 24. Rxc8 {[%clk 0:01:31]} 24... Qxc8 {[%clk 0:01:19.7]} 25. Bxg7 {[%clk 0:01:31.9]} 25... Kxg7 {[%clk 0:01:18.4]} 26. Qxd5 {[%clk 0:01:33]} 26... Bb5 {[%clk 0:01:00.8]} 27. e3 {[%clk 0:01:21.2]} 27... Bc6 {[%clk 0:00:56.1]} 28. Qd4+ {[%clk 0:01:17]} 28... Kg8 {[%clk 0:00:52.4]} 29. Qxd6 {[%clk 0:01:13.6]} 29... Bxg2 {[%clk 0:00:49.6]} 30. Kxg2 {[%clk 0:01:14.3]} 30... Qc2 {[%clk 0:00:50.9]} 31. Qd7 {[%clk 0:01:02.3]} 31... Qe4+ {[%clk 0:00:49.2]} 32. Kg1 {[%clk 0:01:00.7]} 32... Re7 {[%clk 0:00:49.1]} 33. Qc8+ {[%clk 0:00:56.2]} 33... Kg7 {[%clk 0:00:49.5]} 34. Qc3+ {[%clk 0:00:56.6]} 34... Kg8 {[%clk 0:00:50]} 35. Rd1 {[%clk 0:00:57.5]} 35... Re8 {[%clk 0:00:48.6]} 36. Qc7 {[%clk 0:00:56.5]} 36... Qe7 {[%clk 0:00:46.9]} 37. Rd7 {[%clk 0:00:57]} 37... Qe6 {[%clk 0:00:47.2]} 38. Qxb7 {[%clk 0:00:56.3]} 38... a5 {[%clk 0:00:45.6]} 39. Qd5 {[%clk 0:00:54.8]} 39... Qf6 {[%clk 0:00:36.4]} 40. Qxa5 {[%clk 0:00:52.8]} 40... Re5 {[%clk 0:00:35.7]} 41. Qd2 {[%clk 0:00:52.5]} 41... Rf5 {[%clk 0:00:32.9]} 42. Rd8+ {[%clk 0:00:51.6]} 42... Kh7 {[%clk 0:00:33.4]} 43. Rd4 {[%clk 0:00:44.8]} 43... g5 {[%clk 0:00:30.9]} 44. b4 {[%clk 0:00:44]} 44... gxh4 {[%clk 0:00:30]} 45. Rxh4 {[%clk 0:00:45]} 45... Rg5 {[%clk 0:00:26.7]} 46. Qd3+ {[%clk 0:00:42.9]} 46... Kg7 {[%clk 0:00:25.1]} 47. Qd4 {[%clk 0:00:42.3]} 47... Qxd4 {[%clk 0:00:24.3]} 48. Rxd4 {[%clk 0:00:43.3]} 48... Rb5 {[%clk 0:00:23.9]} 49. a4 {[%clk 0:00:44.3]} 49... Rb7 {[%clk 0:00:24.8]} 50. a5 {[%clk 0:00:45.4]} 50... Kf6 {[%clk 0:00:26.1]} 51. a6 {[%clk 0:00:45.8]} 51... Rb6 {[%clk 0:00:26.2]} 52. a7 {[%clk 0:00:38.8]} 52... Ra6 {[%clk 0:00:27]} 53. Rd7 {[%clk 0:00:39.9]} 53... Ke6 {[%clk 0:00:27.9]} 54. Rb7 {[%clk 0:00:41]} 54... f5 {[%clk 0:00:28.6]} 55. b5 {[%clk 0:00:42]} 55... Ra1+ {[%clk 0:00:29.6]} 56. Kg2 {[%clk 0:00:42.8]} 56... Kd6 {[%clk 0:00:30.9]} 57. Rh7 {[%clk 0:00:42.5]} 57... Kc5 {[%clk 0:00:31.3]} 58. Rxh6 {[%clk 0:00:40.8]} 58... Kxb5 {[%clk 0:00:32.5]} 59. Rf6 {[%clk 0:00:41.4]} 59... Rxa7 {[%clk 0:00:33.4]} 60. Rxf5+ {[%clk 0:00:42.9]} 60... Kc4 {[%clk 0:00:35.3]} 61. g4 {[%clk 0:00:44.4]} 61... Kd3 {[%clk 0:00:36.6]} 62. g5 {[%clk 0:00:45.2]} 62... Ke4 {[%clk 0:00:37.5]} 63. Rf4+ {[%clk 0:00:45.9]} 63... Ke5 {[%clk 0:00:38.4]} 64. Kg3 {[%clk 0:00:47.4]} 64... Rg7 {[%clk 0:00:39.3]} 65. Kg4 {[%clk 0:00:48.5]} 65... Rc7 {[%clk 0:00:38.9]} 66. f3 {[%clk 0:00:48.6]} 66... Rc3 {[%clk 0:00:38.6]} 67. Re4+ {[%clk 0:00:49.3]} 67... Kd6 {[%clk 0:00:39.1]} 68. Kf4 {[%clk 0:00:50]} 68... Rc1 {[%clk 0:00:38.5]} 69. Ra4 {[%clk 0:00:50.7]} 69... Rg1 {[%clk 0:00:39.3]} 70. e4 {[%clk 0:00:51.1]} 70... Ke6 {[%clk 0:00:38.1]} 71. Ra6+ {[%clk 0:00:52.1]} 71... Kf7 {[%clk 0:00:39.3]} 72. Kf5 {[%clk 0:00:53.4]} 72... Rf1 {[%clk 0:00:39.7]} 73. f4 {[%clk 0:00:54.9]} 73... Ke7 {[%clk 0:00:40.4]} 74. Ra7+ {[%clk 0:00:55.9]} 74... Kd6 {[%clk 0:00:40.2]} 75. e5+ {[%clk 0:00:57.1]} 75... Kc6 {[%clk 0:00:39.2]} 76. g6 {[%clk 0:00:58.4]} 76... Kb6 {[%clk 0:00:38.5]} 77. Rf7 {[%clk 0:00:58.7]} 77... Kc6 {[%clk 0:00:38.9]} 78. g7 {[%clk 0:00:58.7]} 78... Rg1 {[%clk 0:00:40.2]} 79. Rf6+ {[%clk 0:01:00.1]} 79... Kd7 {[%clk 0:00:41.2]} 80. Rg6 {[%clk 0:01:01.5]} 1-0
",180+2,1710686253,True,kA2Ugv92lB!Tbs8!owZRfo98cM3VMl5Zeg0KBKZKvK8KlDK8pF45dk6SsJTJAJSZac56kl!3DuWOfe7TjrYQcAQJuBT7A676B232lJZHmuHQJB2!BRQogo6kRZkCog80Z6!26s2!ed08sYC0dZ0SYXOGXJSTJG8KGlKLZ7!37BUMrzMFBFLMlt32tBTBFBMHiyHXyG2TGOXPOWPOBZTSZX1LzHOagoSRX3RI3VIHVTaWTLHAwEAtEMtCLDCKowW2wE2YnvYsDCKREDscCycguCRSyOS1DLgfvD10OW0RCKRQMUQPW1PQU2fg1TQZTU,6ee45cc6-e46a-11ee-ba9f-6cfe544c0428,rnbqkbnr/pppppppp/8/8/8/8/PPPPPPPP/RNBQKBNR w KQkq - 0 1,8/3k2P1/6R1/4PK2/5P2/8/8/6r1 b - -,blitz,chess,"{'rating': 2215, 'result': 'win', '@id': 'https://api.chess.com/pub/player/glysend', 'username': 'GlysenD', 'uuid': '75055ed0-4f40-11e8-801e-000000000000'}","{'rating': 2123, 'result': 'resigned', '@id': 'https://api.chess.com/pub/player/tomg1018', 'username': 'TomG1018', 'uuid': '64fd7638-2e10-11eb-bc4f-7da5a924fa6b'}","{'white': 89.82, 'black': 81.26}",,glysend,https://images.chesscomfiles.com/uploads/v1/user/333030449.823c7124.200x200o.a9ac152438f5.png,333030449,https://api.chess.com/pub/player/icaughtacrab,https://www.chess.com/member/icaughtacrab,icaughtacrab,WNM,22,https://api.chess.com/pub/country/CA,Toronto,1711887843,1702862266,premium,False,False,Silver
https://www.chess.com/game/live/102475223651,"[Event ""Live Chess""]
[Site ""Chess.com""]
[Date ""2024.02.24""]
[Round ""-""]
[White ""KingChaser19""]
[Black ""icaughtacrab""]
[Result ""1-0""]
[CurrentPosition ""4Q1k1/p5b1/7p/1q4p1/8/P1P5/1P3PPB/4R1K1 b - -""]
[Timezone ""UTC""]
[ECO ""B02""]
[ECOUrl ""https://www.chess.com/openings/Alekhines-Defense-Scandinavian-Variation-3.exd5""]
[UTCDate ""2024.02.24""]
[UTCTime ""00:57:31""]
[WhiteElo ""2087""]
[BlackElo ""2043""]
[TimeControl ""180""]
[Termination ""KingChaser19 won by resignation""]
[StartTime ""00:57:31""]
[EndDate ""2024.02.24""]
[EndTime ""01:01:12""]
[Link ""https://www.chess.com/game/live/102475223651""]

1. e4 {[%clk 0:03:00]} 1... d5 {[%clk 0:02:59.6]} 2. exd5 {[%clk 0:02:58.6]} 2... Nf6 {[%clk 0:02:59.2]} 3. Nc3 {[%clk 0:02:58]} 3... Nxd5 {[%clk 0:02:58.7]} 4. Nxd5 {[%clk 0:02:55.8]} 4... Qxd5 {[%clk 0:02:58.6]} 5. Nf3 {[%clk 0:02:55.5]} 5... g6 {[%clk 0:02:58.1]} 6. Be2 {[%clk 0:02:55.1]} 6... Bg7 {[%clk 0:02:57.3]} 7. O-O {[%clk 0:02:54.8]} 7... O-O {[%clk 0:02:57]} 8. c3 {[%clk 0:02:54.4]} 8... c5 {[%clk 0:02:56.5]} 9. d4 {[%clk 0:02:54.1]} 9... cxd4 {[%clk 0:02:55.5]} 10. Nxd4 {[%clk 0:02:54]} 10... e5 {[%clk 0:02:51.7]} 11. Bf3 {[%clk 0:02:50.7]} 11... e4 {[%clk 0:02:33.5]} 12. Be2 {[%clk 0:02:48.6]} 12... Nc6 {[%clk 0:02:29.8]} 13. Nxc6 {[%clk 0:02:47.1]} 13... Qxc6 {[%clk 0:02:29.7]} 14. Qc2 {[%clk 0:02:43.1]} 14... f5 {[%clk 0:02:26.1]} 15. Re1 {[%clk 0:02:37.3]} 15... Be6 {[%clk 0:02:25]} 16. Bf4 {[%clk 0:02:28.1]} 16... h6 {[%clk 0:02:21.2]} 17. h3 {[%clk 0:02:26.5]} 17... g5 {[%clk 0:02:20.2]} 18. Bh2 {[%clk 0:02:25.1]} 18... Rad8 {[%clk 0:02:18.3]} 19. a3 {[%clk 0:02:19.3]} 19... f4 {[%clk 0:02:12.4]} 20. Bg4 {[%clk 0:02:15.3]} 20... Bxg4 {[%clk 0:02:10.2]} 21. hxg4 {[%clk 0:02:15.2]} 21... Rde8 {[%clk 0:02:04.9]} 22. Re2 {[%clk 0:02:06.5]} 22... Qe6 {[%clk 0:02:02.8]} 23. Rae1 {[%clk 0:02:02.7]} 23... Qxg4 {[%clk 0:02:01.4]} 24. Rxe4 {[%clk 0:02:00.8]} 24... Rxe4 {[%clk 0:01:50]} 25. Qxe4 {[%clk 0:01:59]} 25... Rd8 {[%clk 0:01:49.7]} 26. Qxb7 {[%clk 0:01:48.1]} 26... Rd1 {[%clk 0:01:39.1]} 27. Qb3+ {[%clk 0:01:46.3]} 27... Kh7 {[%clk 0:01:33.8]} 28. Qxd1 {[%clk 0:01:44.5]} 28... f3 {[%clk 0:01:31]} 29. Qd3+ {[%clk 0:01:43.3]} 29... Kg8 {[%clk 0:01:26.7]} 30. Qxf3 {[%clk 0:01:38.1]} 30... Qd7 {[%clk 0:01:23.4]} 31. Qe4 {[%clk 0:01:28.1]} 31... Qb5 {[%clk 0:01:11.6]} 32. Qe8+ {[%clk 0:01:26.9]} 1-0
",180,1708736472,True,mCZJCJ!TbsTJsJ7Jgv2Ufm92eg8!ksYIlBIBvB0KmvKCvm5QBQJQdk1Lfe6ScD3VpxUMDp47iqLDmESExE78emQSaeSEmC8CkC97CX7dXr!3rdDvdt3!tvEZvCZHC8,b1ed1b24-d2af-11ee-9ba3-6cfe544c0428,rnbqkbnr/pppppppp/8/8/8/8/PPPPPPPP/RNBQKBNR w KQkq - 0 1,4Q1k1/p5b1/7p/1q4p1/8/P1P5/1P3PPB/4R1K1 b - -,blitz,chess,"{'rating': 2087, 'result': 'win', '@id': 'https://api.chess.com/pub/player/kingchaser19', 'username': 'KingChaser19', 'uuid': '80850fb6-72aa-11ed-b18b-e18e8aee3f45'}","{'rating': 2043, 'result': 'resigned', '@id': 'https://api.chess.com/pub/player/icaughtacrab', 'username': 'icaughtacrab', 'uuid': '405d0d16-9d43-11ee-a89d-7daa7d6970cd'}","{'white': 89.07, 'black': 82.8}",,icaughtacrab,https://images.chesscomfiles.com/uploads/v1/user/36570426.098aca41.200x200o.5b2a12d70323.jpg,36570426,https://api.chess.com/pub/player/jeaniiiusk,https://www.chess.com/member/jeaniiiusk,jeaniiiusk,WNM,411,https://api.chess.com/pub/country/PH,,1711536428,1498390825,premium,False,False,Crystal
https://www.chess.com/game/live/105282705401,"[Event ""Live Chess""]
[Site ""Chess.com""]
[Date ""2024.03.27""]
[Round ""-""]
[White ""cath0311""]
[Black ""jeaniiiusk""]
[Result ""0-1""]
[CurrentPosition ""1R6/4r1kp/5pp1/5r2/2Qp4/P7/R4P2/5K1q w - -""]
[Timezone ""UTC""]
[ECO ""A15""]
[ECOUrl ""https://www.chess.com/openings/English-Opening-Anglo-Indian-Kings-Knight-Variation""]
[UTCDate ""2024.03.27""]
[UTCTime ""12:50:37""]
[WhiteElo ""1441""]
[BlackElo ""1972""]
[TimeControl ""900""]
[Termination ""jeaniiiusk won by checkmate""]
[StartTime ""12:50:37""]
[EndDate ""2024.03.27""]
[EndTime ""13:19:57""]
[Link ""https://www.chess.com/game/live/105282705401""]

1. Nf3 {[%clk 0:14:53.3]} 1... Nf6 {[%clk 0:14:55.6]} 2. c4 {[%clk 0:14:46.5]} 2... c5 {[%clk 0:14:53.7]} 3. b3 {[%clk 0:14:43.5]} 3... g6 {[%clk 0:14:51.5]} 4. Bb2 {[%clk 0:14:42.4]} 4... Bg7 {[%clk 0:14:50.6]} 5. e3 {[%clk 0:14:41.4]} 5... O-O {[%clk 0:14:49.5]} 6. Be2 {[%clk 0:14:36.6]} 6... e6 {[%clk 0:14:36.3]} 7. O-O {[%clk 0:14:04.3]} 7... d5 {[%clk 0:14:24.2]} 8. d4 {[%clk 0:13:56.4]} 8... Ne4 {[%clk 0:14:16]} 9. Qc2 {[%clk 0:13:38.2]} 9... Nc6 {[%clk 0:14:10.7]} 10. a3 {[%clk 0:13:30.9]} 10... cxd4 {[%clk 0:13:19]} 11. cxd5 {[%clk 0:12:41.8]} 11... exd5 {[%clk 0:13:12.2]} 12. Nxd4 {[%clk 0:12:25.3]} 12... Qb6 {[%clk 0:10:21.9]} 13. Nxc6 {[%clk 0:10:26]} 13... bxc6 {[%clk 0:10:21.8]} 14. Bxg7 {[%clk 0:09:47.5]} 14... Kxg7 {[%clk 0:10:18.2]} 15. b4 {[%clk 0:09:13.6]} 15... Bf5 {[%clk 0:08:38.8]} 16. Bd3 {[%clk 0:08:26.4]} 16... a5 {[%clk 0:08:29]} 17. bxa5 {[%clk 0:07:57.6]} 17... Rxa5 {[%clk 0:08:24.4]} 18. Bxe4 {[%clk 0:05:54.3]} 18... Bxe4 {[%clk 0:08:04.4]} 19. Qc3+ {[%clk 0:05:42.3]} 19... f6 {[%clk 0:07:21.1]} 20. Nd2 {[%clk 0:05:39.9]} 20... Bf5 {[%clk 0:05:06.5]} 21. Rfc1 {[%clk 0:05:30.9]} 21... Rfa8 {[%clk 0:04:11.9]} 22. Nf3 {[%clk 0:04:38.9]} 22... c5 {[%clk 0:03:35.3]} 23. h3 {[%clk 0:03:48.7]} 23... Qe6 {[%clk 0:02:26.5]} 24. g4 {[%clk 0:03:35.6]} 24... Bxg4 {[%clk 0:02:23.3]} 25. hxg4 {[%clk 0:02:27.2]} 25... Qxg4+ {[%clk 0:02:20.5]} 26. Kf1 {[%clk 0:02:07.5]} 26... Qxf3 {[%clk 0:02:15.4]} 27. Rcb1 {[%clk 0:02:03.1]} 27... d4 {[%clk 0:01:51.8]} 28. Qb3 {[%clk 0:01:40.5]} 28... R8a7 {[%clk 0:01:16.3]} 29. e4 {[%clk 0:01:03.9]} 29... Qh1+ {[%clk 0:01:10.8]} 30. Ke2 {[%clk 0:01:01.6]} 30... Qxe4+ {[%clk 0:01:09.6]} 31. Kd2 {[%clk 0:00:59]} 31... Qf4+ {[%clk 0:01:04.1]} 32. Ke2 {[%clk 0:00:55.1]} 32... Re7+ {[%clk 0:01:02.3]} 33. Kf1 {[%clk 0:00:51.3]} 33... c4 {[%clk 0:00:56.2]} 34. Qb4 {[%clk 0:00:41.7]} 34... Rae5 {[%clk 0:00:50.3]} 35. Qxc4 {[%clk 0:00:29.2]} 35... Rf5 {[%clk 0:00:42.8]} 36. Ra2 {[%clk 0:00:25.8]} 36... Qe4 {[%clk 0:00:41.1]} 37. Rb8 {[%clk 0:00:19.1]} 37... Qh1# {[%clk 0:00:39.4]} 0-1
",900,1711545597,True,gv!TkAYIjr2Ucj92mu8!fm0SegZJlBTCdk5QiqIBAJSJvB7PBQXQj2!2rz6LmtWGzG4GtCLCks1TblCLfc94lvQIpxPSoELExESEgfEvcbJBsr4WuCvhfmhCmlCDlmW0mfIArzGKzAKLaiDCb5Ch,8dc75b27-ec38-11ee-bd0d-6cfe544c0428,rnbqkbnr/pppppppp/8/8/8/8/PPPPPPPP/RNBQKBNR w KQkq - 0 1,1R6/4r1kp/5pp1/5r2/2Qp4/P7/R4P2/5K1q w - -,rapid,chess,"{'rating': 1441, 'result': 'checkmated', '@id': 'https://api.chess.com/pub/player/cath0311', 'username': 'cath0311', 'uuid': 'c35813e2-efa1-11e7-8032-000000000000'}","{'rating': 1972, 'result': 'win', '@id': 'https://api.chess.com/pub/player/jeaniiiusk', 'username': 'jeaniiiusk', 'uuid': '144fa7d0-599b-11e7-801a-000000000000'}",,,jeaniiiusk,https://images.chesscomfiles.com/uploads/v1/user/12390240.69dd48b5.200x200o.9e532e8f9066.jpg,12390240,https://api.chess.com/pub/player/kajoyskie,https://www.chess.com/member/kajoyskie,kajoyskie,WNM,157,https://api.chess.com/pub/country/PH,"Dubai, UAE",1711610464,1371661105,premium,False,False,Silver
https://www.chess.com/game/live/97780892353,"[Event ""Live Chess""]
[Site ""Chess.com""]
[Date ""2023.12.31""]
[Round ""-""]
[White ""kajoyskie""]
[Black ""Karginomags""]
[Result ""1/2-1/2""]
[CurrentPosition ""8/4rpk1/3Kr1p1/8/8/8/5R2/5R2 w - -""]
[Timezone ""UTC""]
[ECO ""D02""]
[ECOUrl ""https://www.chess.com/openings/Queens-Pawn-Opening-Zukertort-Variation""]
[UTCDate ""2023.12.31""]
[UTCTime ""16:58:55""]
[WhiteElo ""2223""]
[BlackElo ""1345""]
[TimeControl ""180+2""]
[Termination ""Game drawn by repetition""]
[StartTime ""16:58:55""]
[EndDate ""2023.12.31""]
[EndTime ""17:08:14""]
[Link ""https://www.chess.com/game/live/97780892353""]

1. Nf3 {[%clk 0:03:02]} 1... d5 {[%clk 0:03:02]} 2. d4 {[%clk 0:03:02.4]} 2... Bf5 {[%clk 0:03:02.3]} 3. Bf4 {[%clk 0:03:02.4]} 3... Nf6 {[%clk 0:03:03.3]} 4. c4 {[%clk 0:03:02.9]} 4... e6 {[%clk 0:03:04.2]} 5. Nc3 {[%clk 0:03:03.7]} 5... Bb4 {[%clk 0:03:04.3]} 6. e3 {[%clk 0:03:04.4]} 6... O-O {[%clk 0:03:04.5]} 7. Bd3 {[%clk 0:03:03.2]} 7... Ne4 {[%clk 0:03:04]} 8. Bxe4 {[%clk 0:03:02]} 8... dxe4 {[%clk 0:02:53.8]} 9. Nd2 {[%clk 0:03:01.8]} 9... Bxc3 {[%clk 0:02:54.5]} 10. bxc3 {[%clk 0:03:03.7]} 10... Nc6 {[%clk 0:02:52.5]} 11. Rb1 {[%clk 0:02:59.3]} 11... b6 {[%clk 0:02:44.2]} 12. h4 {[%clk 0:02:59.3]} 12... Qd7 {[%clk 0:02:18.5]} 13. g4 {[%clk 0:02:59.5]} 13... e5 {[%clk 0:02:10.2]} 14. d5 {[%clk 0:02:43.5]} 14... Bxg4 {[%clk 0:02:06.3]} 15. dxc6 {[%clk 0:02:36.1]} 15... Qf5 {[%clk 0:02:03.7]} 16. Qc2 {[%clk 0:02:22.5]} 16... exf4 {[%clk 0:02:01.5]} 17. Qxe4 {[%clk 0:02:20.7]} 17... Qxe4 {[%clk 0:01:58.9]} 18. Nxe4 {[%clk 0:02:20.9]} 18... Bf3 {[%clk 0:01:53.9]} 19. O-O {[%clk 0:01:53.1]} 19... Bxe4 {[%clk 0:01:53.7]} 20. Rb4 {[%clk 0:01:50.5]} 20... f3 {[%clk 0:01:43.3]} 21. Kh2 {[%clk 0:01:43.4]} 21... Bxc6 {[%clk 0:01:44]} 22. Rg1 {[%clk 0:01:42.5]} 22... Rad8 {[%clk 0:01:34.7]} 23. c5 {[%clk 0:01:42.4]} 23... Rd2 {[%clk 0:01:34.1]} 24. Kg3 {[%clk 0:01:21]} 24... Rxa2 {[%clk 0:01:31.5]} 25. h5 {[%clk 0:01:18.5]} 25... Rd8 {[%clk 0:01:22.9]} 26. Rg4 {[%clk 0:01:12]} 26... Rdd2 {[%clk 0:01:04.3]} 27. Kh4 {[%clk 0:01:02.6]} 27... g6 {[%clk 0:00:58.5]} 28. hxg6 {[%clk 0:01:03]} 28... hxg6 {[%clk 0:00:58.1]} 29. Kg5 {[%clk 0:01:02.5]} 29... Rxf2 {[%clk 0:00:50.6]} 30. Kf6 {[%clk 0:00:52.4]} 30... Rh2 {[%clk 0:00:34.9]} 31. Rd1 {[%clk 0:00:42.3]} 31... Rad2 {[%clk 0:00:32.3]} 32. cxb6 {[%clk 0:00:30.8]} 32... Rd6+ {[%clk 0:00:26]} 33. Ke7 {[%clk 0:00:30.7]} 33... Re6+ {[%clk 0:00:22.8]} 34. Kd8 {[%clk 0:00:30.6]} 34... Re8+ {[%clk 0:00:21.2]} 35. Kxc7 {[%clk 0:00:31.1]} 35... Ba8 {[%clk 0:00:20.3]} 36. b7 {[%clk 0:00:21]} 36... Bxb7 {[%clk 0:00:20.3]} 37. Kxb7 {[%clk 0:00:21.5]} 37... Kg7 {[%clk 0:00:21.8]} 38. Kxa7 {[%clk 0:00:21.5]} 38... Ra2+ {[%clk 0:00:22.3]} 39. Kb7 {[%clk 0:00:22]} 39... f2 {[%clk 0:00:20.9]} 40. Rf4 {[%clk 0:00:22.3]} 40... Re7+ {[%clk 0:00:18.2]} 41. Kc6 {[%clk 0:00:22.1]} 41... Raa7 {[%clk 0:00:18.4]} 42. Rxf2 {[%clk 0:00:21.6]} 42... Rac7+ {[%clk 0:00:20.3]} 43. Kb5 {[%clk 0:00:21.8]} 43... Rxc3 {[%clk 0:00:21.9]} 44. Rdf1 {[%clk 0:00:14.6]} 44... Rcxe3 {[%clk 0:00:22.6]} 45. Kc5 {[%clk 0:00:15.1]} 45... R3e5+ {[%clk 0:00:23.5]} 46. Kd6 {[%clk 0:00:15.8]} 46... R5e6+ {[%clk 0:00:23.6]} 47. Kd5 {[%clk 0:00:16.6]} 47... Re3 {[%clk 0:00:21.5]} 48. Kd6 {[%clk 0:00:16.8]} 48... R3e6+ {[%clk 0:00:21.4]} 49. Kd5 {[%clk 0:00:17.4]} 49... Ra6 {[%clk 0:00:21.8]} 50. Rf3 {[%clk 0:00:14.4]} 50... Ra5+ {[%clk 0:00:22.6]} 51. Kd6 {[%clk 0:00:15.4]} 51... Rae5 {[%clk 0:00:22.1]} 52. R3f2 {[%clk 0:00:13.7]} 52... R5e6+ {[%clk 0:00:21.8]} 1/2-1/2
",180+2,1704042494,True,gvZJlB6LcD!TkA0Sbs9zmu8!ftTCtCJCvlzsjs5QabXPpF7ZoESKBJLEJQZLdkKDkCLClCEvegvCbzDvgpCQfg47AI7lpwliFN97zE7lwF2UNU3UFMlnMTnpgdilIPlRT0RS07S87YQ4PX4XYX!2XWpiWXvnED80XQiWDnWYQHYsdfsuHIuKIRKSRJSuJRuSRJSOnvOGJRGKvnKS,d51a9e9f-a7fd-11ee-8c7e-6cfe544c0428,rnbqkbnr/pppppppp/8/8/8/8/PPPPPPPP/RNBQKBNR w KQkq - 0 1,8/4rpk1/3Kr1p1/8/8/8/5R2/5R2 w - -,blitz,chess,"{'rating': 2223, 'result': 'repetition', '@id': 'https://api.chess.com/pub/player/kajoyskie', 'username': 'kajoyskie', 'uuid': '74bc766c-d901-11e2-8028-000000000000'}","{'rating': 1345, 'result': 'repetition', '@id': 'https://api.chess.com/pub/player/karginomags', 'username': 'Karginomags', 'uuid': 'd27b6314-7f53-11e3-8004-000000000000'}","{'white': 77.11, 'black': 76.91}",,kajoyskie,https://images.chesscomfiles.com/uploads/v1/user/67463818.c48b62f6.200x200o.b72198f062cf.jpeg,67463818,https://api.chess.com/pub/player/luachess1,https://www.chess.com/member/luachess1,luachess1,WNM,15,https://api.chess.com/pub/country/BR,,1711295126,1572729924,premium,False,False,Crystal
https://www.chess.com/game/live/98927132563,"[Event ""Live Chess""]
[Site ""Chess.com""]
[Date ""2024.01.13""]
[Round ""-""]
[White ""JoeChessGrandMaster""]
[Black ""luachess1""]
[Result ""1-0""]
[CurrentPosition ""b7/1P1k3p/PK4p1/r7/5B2/6P1/8/2R5 b - -""]
[Timezone ""UTC""]
[ECO ""B06""]
[ECOUrl ""https://www.chess.com/openings/Modern-Defense-with-1-e4-2.d4-d6-3.Nc3""]
[UTCDate ""2024.01.13""]
[UTCTime ""23:24:11""]
[WhiteElo ""1713""]
[BlackElo ""1709""]
[TimeControl ""180""]
[Termination ""JoeChessGrandMaster won on time""]
[StartTime ""23:24:11""]
[EndDate ""2024.01.13""]
[EndTime ""23:30:19""]
[Link ""https://www.chess.com/game/live/98927132563""]

1. e4 {[%clk 0:03:00]} 1... d6 {[%clk 0:02:57.8]} 2. d4 {[%clk 0:02:59]} 2... g6 {[%clk 0:02:54.9]} 3. Nc3 {[%clk 0:02:58.1]} 3... Bg7 {[%clk 0:02:54.4]} 4. Bg5 {[%clk 0:02:56.8]} 4... Nf6 {[%clk 0:02:50.7]} 5. e5 {[%clk 0:02:55.9]} 5... dxe5 {[%clk 0:02:45.4]} 6. dxe5 {[%clk 0:02:55.8]} 6... Qxd1+ {[%clk 0:02:43.5]} 7. Rxd1 {[%clk 0:02:55.7]} 7... Nfd7 {[%clk 0:02:43]} 8. Nd5 {[%clk 0:02:53.2]} 8... Bxe5 {[%clk 0:02:32.5]} 9. Nf3 {[%clk 0:02:49.8]} 9... c6 {[%clk 0:02:17.4]} 10. Nxe5 {[%clk 0:02:45]} 10... cxd5 {[%clk 0:02:16.4]} 11. Rxd5 {[%clk 0:02:41.9]} 11... Nxe5 {[%clk 0:02:14.1]} 12. Rxe5 {[%clk 0:02:40.9]} 12... Nc6 {[%clk 0:02:11.4]} 13. Bb5 {[%clk 0:02:37.4]} 13... e6 {[%clk 0:01:52.9]} 14. Bxc6+ {[%clk 0:02:29.5]} 14... bxc6 {[%clk 0:01:51.7]} 15. Bf6 {[%clk 0:02:28.6]} 15... Rg8 {[%clk 0:01:47.2]} 16. O-O {[%clk 0:02:27.9]} 16... Bd7 {[%clk 0:01:42.2]} 17. Rd1 {[%clk 0:02:24.5]} 17... Rb8 {[%clk 0:01:30]} 18. Ra5 {[%clk 0:02:20.7]} 18... Rb7 {[%clk 0:01:28.5]} 19. Bd4 {[%clk 0:02:18.1]} 19... Ke7 {[%clk 0:01:19.8]} 20. Rxa7 {[%clk 0:02:16.6]} 20... Rxa7 {[%clk 0:01:18.7]} 21. Bxa7 {[%clk 0:02:16.5]} 21... Ra8 {[%clk 0:01:17.9]} 22. Bc5+ {[%clk 0:02:14.7]} 22... Ke8 {[%clk 0:01:16.6]} 23. a3 {[%clk 0:02:13]} 23... e5 {[%clk 0:01:14.4]} 24. Re1 {[%clk 0:02:11.8]} 24... f6 {[%clk 0:01:12.2]} 25. f4 {[%clk 0:02:06.3]} 25... Ra5 {[%clk 0:01:11.3]} 26. Bd6 {[%clk 0:01:56]} 26... Rd5 {[%clk 0:00:44.2]} 27. fxe5 {[%clk 0:01:51.2]} 27... Kf7 {[%clk 0:00:43.2]} 28. Bc7 {[%clk 0:01:43]} 28... Rd2 {[%clk 0:00:38.5]} 29. exf6 {[%clk 0:01:38.2]} 29... Be6 {[%clk 0:00:30.6]} 30. Rc1 {[%clk 0:01:22.1]} 30... Bd5 {[%clk 0:00:29.1]} 31. g3 {[%clk 0:01:11.7]} 31... Rg2+ {[%clk 0:00:27.7]} 32. Kf1 {[%clk 0:01:10.9]} 32... Rxh2 {[%clk 0:00:26.8]} 33. Ke1 {[%clk 0:00:46.6]} 33... Kxf6 {[%clk 0:00:18.8]} 34. a4 {[%clk 0:00:44.7]} 34... Bc4 {[%clk 0:00:16.5]} 35. b3 {[%clk 0:00:42.2]} 35... Ba6 {[%clk 0:00:15.1]} 36. c4 {[%clk 0:00:41.5]} 36... Rh1+ {[%clk 0:00:13.9]} 37. Kd2 {[%clk 0:00:40.4]} 37... Rh2+ {[%clk 0:00:13.2]} 38. Kc3 {[%clk 0:00:38.3]} 38... Rf2 {[%clk 0:00:12.6]} 39. b4 {[%clk 0:00:34.4]} 39... Ke6 {[%clk 0:00:11.1]} 40. b5 {[%clk 0:00:31.4]} 40... cxb5 {[%clk 0:00:10.3]} 41. cxb5 {[%clk 0:00:30.6]} 41... Bb7 {[%clk 0:00:10.2]} 42. a5 {[%clk 0:00:28.5]} 42... Kd7 {[%clk 0:00:09.2]} 43. Bf4 {[%clk 0:00:23.2]} 43... Rf3+ {[%clk 0:00:08]} 44. Kb4 {[%clk 0:00:22.3]} 44... Rd3 {[%clk 0:00:06.9]} 45. a6 {[%clk 0:00:21.1]} 45... Ba8 {[%clk 0:00:05.9]} 46. b6 {[%clk 0:00:19.7]} 46... Rd4+ {[%clk 0:00:04.7]} 47. Kc5 {[%clk 0:00:18.9]} 47... Ra4 {[%clk 0:00:03.1]} 48. b7 {[%clk 0:00:17.5]} 48... Ra5+ {[%clk 0:00:01.8]} 49. Kb6 {[%clk 0:00:16.6]} 1-0
",180,1705188619,True,mCZRlB2Ubs92cM!TCKRKBK7dadTZsJ2KgvYQvKQJdJZKJK5QfH0SHQXQMT?!eg6Zfd45KG5XTB80GWXWBW!4WI08iqSKde1TnD4GIRGJDK81RYJlKTZSecSJowlogfopfe1TqyJAjrAOkAphelhplspnrzTSzHQHAHOXyGSZYDnvszvtGOX4HPtBzIByPXyGIP,dae593d9-b26a-11ee-8ec0-6cfe544c0428,rnbqkbnr/pppppppp/8/8/8/8/PPPPPPPP/RNBQKBNR w KQkq - 0 1,b7/1P1k3p/PK4p1/r7/5B2/6P1/8/2R5 b - -,blitz,chess,"{'rating': 1713, 'result': 'win', '@id': 'https://api.chess.com/pub/player/joechessgrandmaster', 'username': 'JoeChessGrandMaster', 'uuid': '8169b902-993a-11ed-9eec-157fc238b7d6'}","{'rating': 1709, 'result': 'timeout', '@id': 'https://api.chess.com/pub/player/luachess1', 'username': 'luachess1', 'uuid': '47ffd4d4-fdb7-11e9-b502-7f7dd0171d31'}","{'white': 78.45, 'black': 75.16}",,luachess1,https://images.chesscomfiles.com/uploads/v1/user/79682574.3ddc69b9.200x200o.faf4c5d7ad1b.jpeg,79682574,https://api.chess.com/pub/player/madmax011,https://www.chess.com/member/madmax011,madmax011,WNM,18,https://api.chess.com/pub/country/KG,,1711868572,1589648967,premium,False,False,Stone
https://www.chess.com/game/live/104606497125,"[Event ""Live Chess""]
[Site ""Chess.com""]
[Date ""2024.03.19""]
[Round ""-""]
[White ""madmax011""]
[Black ""dosto07""]
[Result ""1-0""]
[Tournament ""https://www.chess.com/tournament/live/early-titled-tuesday-blitz-march-19-2024-4634461""]
[CurrentPosition ""8/6pp/6k1/8/4q3/6PP/P4Q1K/8 b - -""]
[Timezone ""UTC""]
[ECO ""D20""]
[ECOUrl ""https://www.chess.com/openings/Queens-Gambit-Accepted-Central-Variation-Alekhine-System...5.Bxc4-Nb6-6.Bb3-Nc6-7.Nf3""]
[UTCDate ""2024.03.19""]
[UTCTime ""16:59:08""]
[WhiteElo ""2362""]
[BlackElo ""2482""]
[TimeControl ""180+1""]
[Termination ""madmax011 won on time""]
[StartTime ""16:59:08""]
[EndDate ""2024.03.19""]
[EndTime ""17:06:20""]
[Link ""https://www.chess.com/game/live/104606497125""]

1. d4 {[%clk 0:03:00.9]} 1... d5 {[%clk 0:02:58.6]} 2. c4 {[%clk 0:02:59.9]} 2... dxc4 {[%clk 0:02:57.5]} 3. e4 {[%clk 0:03:00]} 3... Nf6 {[%clk 0:02:56.3]} 4. e5 {[%clk 0:02:55.4]} 4... Nd5 {[%clk 0:02:56.3]} 5. Bxc4 {[%clk 0:02:55.6]} 5... Nb6 {[%clk 0:02:55]} 6. Bb3 {[%clk 0:02:52.2]} 6... Nc6 {[%clk 0:02:55.5]} 7. Nf3 {[%clk 0:02:52.1]} 7... Bf5 {[%clk 0:02:39.5]} 8. O-O {[%clk 0:02:34.8]} 8... e6 {[%clk 0:02:37.9]} 9. Nc3 {[%clk 0:02:30.5]} 9... Be7 {[%clk 0:02:37.6]} 10. Be3 {[%clk 0:02:19.6]} 10... O-O {[%clk 0:02:37.2]} 11. Qe2 {[%clk 0:02:19]} 11... Bg4 {[%clk 0:02:35.4]} 12. h3 {[%clk 0:02:18.2]} 12... Bxf3 {[%clk 0:02:29]} 13. Qxf3 {[%clk 0:02:18.4]} 13... Nxd4 {[%clk 0:02:28.7]} 14. Bxd4 {[%clk 0:02:03.4]} 14... Qxd4 {[%clk 0:02:28.4]} 15. Qxb7 {[%clk 0:02:04.1]} 15... Qxe5 {[%clk 0:02:26.4]} 16. Rfe1 {[%clk 0:02:03.1]} 16... Qf4 {[%clk 0:02:15.8]} 17. g3 {[%clk 0:01:46.9]} 17... Qh6 {[%clk 0:02:02.7]} 18. Qxc7 {[%clk 0:01:44.4]} 18... Bf6 {[%clk 0:02:00.2]} 19. Kg2 {[%clk 0:01:40.1]} 19... Rfc8 {[%clk 0:01:59.3]} 20. Qb7 {[%clk 0:01:35.8]} 20... Bxc3 {[%clk 0:01:57.5]} 21. bxc3 {[%clk 0:01:35.9]} 21... Rxc3 {[%clk 0:01:50.1]} 22. Rad1 {[%clk 0:01:30]} 22... Qf6 {[%clk 0:01:43.5]} 23. Rd6 {[%clk 0:01:13]} 23... Rac8 {[%clk 0:01:35.2]} 24. Rdxe6 {[%clk 0:00:46]} 24... fxe6 {[%clk 0:01:22.7]} 25. Rxe6 {[%clk 0:00:45.7]} 25... Rxg3+ {[%clk 0:00:47.2]} 26. fxg3 {[%clk 0:00:34]} 26... Rc2+ {[%clk 0:00:03.7]} 27. Bxc2 {[%clk 0:00:15.7]} 27... Qxe6 {[%clk 0:00:04]} 28. Bb3 {[%clk 0:00:16]} 28... Nc4 {[%clk 0:00:03.6]} 29. Qa8+ {[%clk 0:00:12.4]} 29... Kf7 {[%clk 0:00:02.8]} 30. Qxa7+ {[%clk 0:00:12.4]} 30... Kg6 {[%clk 0:00:02]} 31. Bxc4 {[%clk 0:00:10.9]} 31... Qxc4 {[%clk 0:00:02]} 32. Qf2 {[%clk 0:00:09.5]} 32... Qe4+ {[%clk 0:00:01.1]} 33. Kh2 {[%clk 0:00:09.7]} 1-0
",180+1,1710867980,True,lBZJkAJAmC!TCKTJfAJPAr5Qgv6Leg0Sbs90cu8!dmLEpxEvmvQBuB7BvXBKfeKDowDVXY0Tgo96YXTsjs6sadVTdR46RS1SeSswnw6krkTSkrPAX4!14W1UrASAWnACop,fad99533-e611-11ee-ba9f-6cfe544c0428,rnbqkbnr/pppppppp/8/8/8/8/PPPPPPPP/RNBQKBNR w KQkq - 0 1,8/6pp/6k1/8/4q3/6PP/P4Q1K/8 b - -,blitz,chess,"{'rating': 2362, 'result': 'win', '@id': 'https://api.chess.com/pub/player/madmax011', 'username': 'madmax011', 'uuid': 'ffde7db0-9797-11ea-acfd-6dad0ef89159'}","{'rating': 2482, 'result': 'timeout', '@id': 'https://api.chess.com/pub/player/dosto07', 'username': 'dosto07', 'uuid': 'a105c37c-8caa-11ea-a515-335706bb5e77'}",,https://api.chess.com/pub/tournament/early-titled-tuesday-blitz-march-19-2024-4634461,madmax011,https://images.chesscomfiles.com/uploads/v1/user/166589247.3fdf8c34.200x200o.6474460116c3.jpg,166589247,https://api.chess.com/pub/player/nikajurisnicolas,https://www.chess.com/member/NikaJurisNicolas,nikajurisnicolas,WNM,10,https://api.chess.com/pub/country/PH,,1711860752,1640661994,premium,False,False,Crystal
https://www.chess.com/game/live/75738637569,"[Event ""Live Chess""]
[Site ""Chess.com""]
[Date ""2023.04.20""]
[Round ""-""]
[White ""Temperie""]
[Black ""mglmgl2017""]
[Result ""0-1""]
[CurrentPosition ""r1b1k1nr/1p2nppp/p2p4/3PN3/2B2q2/8/PP2QPPP/R2R2K1 w kq -""]
[Timezone ""UTC""]
[ECO ""B21""]
[ECOUrl ""https://www.chess.com/openings/Sicilian-Defense-Smith-Morra-Gambit-Accepted-4.Nxc3-e6-5.Bc4-a6-6.Nf3""]
[UTCDate ""2023.04.20""]
[UTCTime ""14:05:00""]
[WhiteElo ""1784""]
[BlackElo ""1877""]
[TimeControl ""600""]
[Termination ""mglmgl2017 won by resignation""]
[StartTime ""14:05:00""]
[EndDate ""2023.04.20""]
[EndTime ""14:10:11""]
[Link ""https://www.chess.com/game/live/75738637569""]

1. e4 {[%clk 0:10:00]} 1... c5 {[%clk 0:09:53.2]} 2. d4 {[%clk 0:09:58.8]} 2... cxd4 {[%clk 0:09:51.7]} 3. c3 {[%clk 0:09:54.8]} 3... dxc3 {[%clk 0:09:38.4]} 4. Nxc3 {[%clk 0:09:54.7]} 4... e6 {[%clk 0:09:37.5]} 5. Nf3 {[%clk 0:09:50.1]} 5... a6 {[%clk 0:09:35.1]} 6. Bc4 {[%clk 0:09:38.5]} 6... Qc7 {[%clk 0:09:31.9]} 7. Qe2 {[%clk 0:09:29.5]} 7... Nc6 {[%clk 0:09:23.2]} 8. O-O {[%clk 0:09:24.1]} 8... Bd6 {[%clk 0:08:31.7]} 9. Rd1 {[%clk 0:09:07.6]} 9... Bf4 {[%clk 0:08:24.6]} 10. Bxf4 {[%clk 0:08:45.5]} 10... Qxf4 {[%clk 0:08:22.3]} 11. Nd5 {[%clk 0:08:39.4]} 11... exd5 {[%clk 0:07:51.1]} 12. exd5+ {[%clk 0:08:36.1]} 12... Nce7 {[%clk 0:07:26.2]} 13. Ne5 {[%clk 0:08:08.1]} 13... d6 {[%clk 0:07:11]} 0-1
",600,1681999811,True,mCYIlBIBksBsbs0SgvWOfA7Ydm5Qeg9RfdRDcDYDsJSJCJQ0vKZR,55249014-df84-11ed-96c2-6cfe544c0428,rnbqkbnr/pppppppp/8/8/8/8/PPPPPPPP/RNBQKBNR w KQkq - 0 1,r1b1k1nr/1p2nppp/p2p4/3PN3/2B2q2/8/PP2QPPP/R2R2K1 w kq -,rapid,chess,"{'rating': 1784, 'result': 'resigned', '@id': 'https://api.chess.com/pub/player/temperie', 'username': 'Temperie', 'uuid': 'f6b57a96-d467-11eb-8278-01fe07cc31fe'}","{'rating': 1877, 'result': 'win', '@id': 'https://api.chess.com/pub/player/mglmgl2017', 'username': 'mglmgl2017', 'uuid': '8a63515e-69d8-11e7-804a-000000000000'}","{'white': 79.79, 'black': 82.33}",,mglmgl2017,https://images.chesscomfiles.com/uploads/v1/user/78543876.6ab0fd21.200x200o.c218f3a02876.jpeg,78543876,https://api.chess.com/pub/player/rinoasadey,https://www.chess.com/member/rinoasadey,rinoasadey,WNM,37,https://api.chess.com/pub/country/PH,,1711523355,1588577121,premium,False,False,Silver
https://www.chess.com/game/live/96264840523,"[Event ""Live Chess""]
[Site ""Chess.com""]
[Date ""2023.12.14""]
[Round ""-""]
[White ""NikaJurisNicolas""]
[Black ""Avi_Ghai""]
[Result ""0-1""]
[CurrentPosition ""r1bq1rk1/1p3ppp/p1nbpn2/1B1p4/3P4/2N1BN1P/PPP2PP1/R2Q1RK1 w - -""]
[Timezone ""UTC""]
[ECO ""B10""]
[ECOUrl ""https://www.chess.com/openings/Caro-Kann-Defense-2.Nf3-d5-3.exd5-cxd5""]
[UTCDate ""2023.12.14""]
[UTCTime ""03:53:35""]
[WhiteElo ""1453""]
[BlackElo ""1609""]
[TimeControl ""60""]
[Termination ""Avi_Ghai won on time""]
[StartTime ""03:53:35""]
[EndDate ""2023.12.14""]
[EndTime ""03:54:49""]
[Link ""https://www.chess.com/game/live/96264840523""]

1. e4 {[%clk 0:01:00]} 1... c6 {[%clk 0:00:59.9]} 2. Nf3 {[%clk 0:00:59.9]} 2... d5 {[%clk 0:00:59.8]} 3. exd5 {[%clk 0:00:57.3]} 3... cxd5 {[%clk 0:00:59.7]} 4. Nc3 {[%clk 0:00:55.6]} 4... e6 {[%clk 0:00:59.2]} 5. d4 {[%clk 0:00:43.3]} 5... Nc6 {[%clk 0:00:55.2]} 6. Be3 {[%clk 0:00:40.8]} 6... Nf6 {[%clk 0:00:54.2]} 7. Bb5 {[%clk 0:00:24.4]} 7... Bd6 {[%clk 0:00:52.6]} 8. O-O {[%clk 0:00:20.2]} 8... O-O {[%clk 0:00:51.5]} 9. h3 {[%clk 0:00:11.3]} 9... a6 {[%clk 0:00:50.6]} 0-1
",60,1702526089,True,mCYQgvZJCJQJbs0SlB5Qcu!TfH9Reg8!pxWO,590cc55a-9a34-11ee-a837-6cfe544c0428,rnbqkbnr/pppppppp/8/8/8/8/PPPPPPPP/RNBQKBNR w KQkq - 0 1,r1bq1rk1/1p3ppp/p1nbpn2/1B1p4/3P4/2N1BN1P/PPP2PP1/R2Q1RK1 w - -,bullet,chess,"{'rating': 1453, 'result': 'timeout', '@id': 'https://api.chess.com/pub/player/nikajurisnicolas', 'username': 'NikaJurisNicolas', 'uuid': 'f55c53fe-678d-11ec-8674-41cdb906d345'}","{'rating': 1609, 'result': 'win', '@id': 'https://api.chess.com/pub/player/avi_ghai', 'username': 'Avi_Ghai', 'uuid': 'ff085d98-f067-11e9-8a4d-050bd338899f'}","{'white': 95.22, 'black': 95.84}",,nikajurisnicolas,https://images.chesscomfiles.com/uploads/v1/user/12910734.d2d85bf3.200x200o.62abc9c390cd.jpeg,12910734,https://api.chess.com/pub/player/vaniavindy,https://www.chess.com/member/vaniavindy,vaniavindy,WNM,76,https://api.chess.com/pub/country/ID,Bogor,1711265150,1374972622,premium,False,False,Silver
https://www.chess.com/game/live/102449540789,"[Event ""Live Chess""]
[Site ""Chess.com""]
[Date ""2024.02.23""]
[Round ""-""]
[White ""resolute31524""]
[Black ""nmi_121""]
[Result ""1-0""]
[CurrentPosition ""r1k1Rb1r/1p1n2p1/3P4/pBpN1b1p/8/8/PPPP1PPP/R1BQ2K1 b - -""]
[Timezone ""UTC""]
[ECO ""B01""]
[ECOUrl ""https://www.chess.com/openings/Scandinavian-Defense-2.exd5""]
[UTCDate ""2024.02.23""]
[UTCTime ""17:51:03""]
[WhiteElo ""2151""]
[BlackElo ""400""]
[TimeControl ""300""]
[Termination ""resolute31524 won by checkmate""]
[StartTime ""17:51:03""]
[EndDate ""2024.02.23""]
[EndTime ""17:54:48""]
[Link ""https://www.chess.com/game/live/102449540789""]

1. e4 {[%clk 0:05:00]} 1... d5 {[%clk 0:05:00]} 2. exd5 {[%clk 0:04:58.5]} 2... Bf5 {[%clk 0:04:48.3]} 3. Nc3 {[%clk 0:04:54.7]} 3... c5 {[%clk 0:04:36.5]} 4. Nf3 {[%clk 0:04:46.4]} 4... e5 {[%clk 0:04:32.4]} 5. Bb5+ {[%clk 0:04:38.7]} 5... Ke7 {[%clk 0:04:11.4]} 6. Nxe5 {[%clk 0:04:30.3]} 6... Nf6 {[%clk 0:04:00.1]} 7. O-O {[%clk 0:04:26]} 7... Ng4 {[%clk 0:03:50.9]} 8. Nxg4 {[%clk 0:04:21.2]} 8... h5 {[%clk 0:03:09.5]} 9. Re1+ {[%clk 0:04:17.9]} 9... Kd6 {[%clk 0:03:00.2]} 10. Ne5 {[%clk 0:04:14.9]} 10... a5 {[%clk 0:02:45]} 11. Nxf7+ {[%clk 0:04:13.2]} 11... Kc7 {[%clk 0:02:36.3]} 12. Nxd8 {[%clk 0:04:10.4]} 12... Kxd8 {[%clk 0:02:30.2]} 13. d6 {[%clk 0:04:07.4]} 13... Nd7 {[%clk 0:02:26.1]} 14. Nd5 {[%clk 0:04:03.1]} 14... Kc8 {[%clk 0:02:23.7]} 15. Re8# {[%clk 0:03:59.2]} 1-0
",300,1708710888,False,mCZJCJ6LbsYIgv0KfH80vK!TegTEKE3Nfe0REKWGK1RY17Y7JR5ZsJ76e8,1b8c4193-d274-11ee-9ba3-6cfe544c0428,rnbqkbnr/pppppppp/8/8/8/8/PPPPPPPP/RNBQKBNR w KQkq - 0 1,r1k1Rb1r/1p1n2p1/3P4/pBpN1b1p/8/8/PPPP1PPP/R1BQ2K1 b - -,blitz,chess,"{'rating': 2151, 'result': 'win', '@id': 'https://api.chess.com/pub/player/resolute31524', 'username': 'resolute31524', 'uuid': '874bc848-b251-11ee-ab0d-d5b01cb683ef'}","{'rating': 400, 'result': 'checkmated', '@id': 'https://api.chess.com/pub/player/nmi_121', 'username': 'nmi_121', 'uuid': 'd6c34576-d273-11ee-87dd-6142e741dc5c'}","{'white': 86.54, 'black': 55.72}",,resolute31524,,34628204,https://api.chess.com/pub/player/crushernt,https://www.chess.com/member/crushernt,crushernt,WNM,1,https://api.chess.com/pub/country/CH,,1668892141,1491683799,premium,False,False,Bronze
https://www.chess.com/game/live/87724280295,"[Event ""Live Chess""]
[Site ""Chess.com""]
[Date ""2023.09.06""]
[Round ""-""]
[White ""rinoasadey""]
[Black ""Mike_Retana""]
[Result ""1/2-1/2""]
[CurrentPosition ""8/6pk/1p3p1p/5P2/1Pr2N2/3R1K2/8/5n2 b - -""]
[Timezone ""UTC""]
[ECO ""B02""]
[ECOUrl ""https://www.chess.com/openings/Alekhines-Defense-Samisch-Attack""]
[UTCDate ""2023.09.06""]
[UTCTime ""07:27:41""]
[WhiteElo ""1966""]
[BlackElo ""1943""]
[TimeControl ""180+2""]
[Termination ""Game drawn by repetition""]
[StartTime ""07:27:41""]
[EndDate ""2023.09.06""]
[EndTime ""07:36:42""]
[Link ""https://www.chess.com/game/live/87724280295""]

1. e4 {[%clk 0:03:00.5]} 1... Nf6 {[%clk 0:03:01.8]} 2. e5 {[%clk 0:03:00.3]} 2... Nd5 {[%clk 0:03:02.6]} 3. Nc3 {[%clk 0:03:00]} 3... c6 {[%clk 0:03:02]} 4. Bc4 {[%clk 0:02:27]} 4... Nb6 {[%clk 0:03:01.4]} 5. Bb3 {[%clk 0:02:28.2]} 5... d5 {[%clk 0:03:02.3]} 6. exd6 {[%clk 0:02:28.3]} 6... exd6 {[%clk 0:03:02.9]} 7. Nf3 {[%clk 0:02:28.5]} 7... Be7 {[%clk 0:03:03.6]} 8. O-O {[%clk 0:02:26.1]} 8... O-O {[%clk 0:03:04.6]} 9. a4 {[%clk 0:02:23.1]} 9... d5 {[%clk 0:03:04.9]} 10. a5 {[%clk 0:02:16.4]} 10... N6d7 {[%clk 0:03:05.3]} 11. d4 {[%clk 0:02:15.2]} 11... Nf6 {[%clk 0:03:05.9]} 12. Re1 {[%clk 0:02:13.7]} 12... Bb4 {[%clk 0:03:06.2]} 13. Bg5 {[%clk 0:02:04.3]} 13... h6 {[%clk 0:03:04.2]} 14. Bh4 {[%clk 0:02:04.3]} 14... Nbd7 {[%clk 0:03:05.3]} 15. Ne5 {[%clk 0:02:03.8]} 15... Re8 {[%clk 0:02:48.5]} 16. Qf3 {[%clk 0:01:53.2]} 16... Be7 {[%clk 0:02:33.4]} 17. Re2 {[%clk 0:01:30.9]} 17... Nxe5 {[%clk 0:02:33.5]} 18. dxe5 {[%clk 0:01:31]} 18... Nd7 {[%clk 0:02:34.4]} 19. Bxe7 {[%clk 0:01:26.5]} 19... Qxe7 {[%clk 0:02:34.9]} 20. Rae1 {[%clk 0:01:26.5]} 20... Nc5 {[%clk 0:02:34.8]} 21. Ba2 {[%clk 0:01:19.3]} 21... Ne6 {[%clk 0:02:35.4]} 22. Qg3 {[%clk 0:00:56.5]} 22... Qb4 {[%clk 0:02:30.8]} 23. Nd1 {[%clk 0:00:32]} 23... Qxa5 {[%clk 0:02:27.2]} 24. Bb1 {[%clk 0:00:32.8]} 24... Qd8 {[%clk 0:02:04.5]} 25. c3 {[%clk 0:00:33]} 25... Qg5 {[%clk 0:02:05]} 26. Qxg5 {[%clk 0:00:29.1]} 26... Nxg5 {[%clk 0:02:05.3]} 27. f4 {[%clk 0:00:29.7]} 27... Ne6 {[%clk 0:02:05.7]} 28. f5 {[%clk 0:00:30.4]} 28... Nc5 {[%clk 0:02:01.3]} 29. g4 {[%clk 0:00:22.7]} 29... b6 {[%clk 0:02:01.1]} 30. Nf2 {[%clk 0:00:18.2]} 30... Ba6 {[%clk 0:02:01.8]} 31. Rd2 {[%clk 0:00:18.4]} 31... Rad8 {[%clk 0:02:01.4]} 32. b4 {[%clk 0:00:18.8]} 32... Nd7 {[%clk 0:01:45.4]} 33. Ra2 {[%clk 0:00:19]} 33... Bc4 {[%clk 0:01:42.6]} 34. Rxa7 {[%clk 0:00:19.8]} 34... Nxe5 {[%clk 0:01:43.7]} 35. Kg2 {[%clk 0:00:13.3]} 35... f6 {[%clk 0:01:30.2]} 36. Rb7 {[%clk 0:00:12.2]} 36... Rb8 {[%clk 0:01:30.9]} 37. Rxb8 {[%clk 0:00:13.2]} 37... Rxb8 {[%clk 0:01:31.4]} 38. Re3 {[%clk 0:00:13.3]} 38... Ra8 {[%clk 0:01:32.1]} 39. Bd3 {[%clk 0:00:12.6]} 39... Bxd3 {[%clk 0:01:31.1]} 40. Nxd3 {[%clk 0:00:14.5]} 40... Nxg4 {[%clk 0:01:30.4]} 41. Re6 {[%clk 0:00:15.1]} 41... Ra2+ {[%clk 0:01:19.1]} 42. Kg3 {[%clk 0:00:15.6]} 42... Nxh2 {[%clk 0:01:20.1]} 43. Rxc6 {[%clk 0:00:16]} 43... Nf1+ {[%clk 0:01:21.2]} 44. Kf3 {[%clk 0:00:14.6]} 44... Rc2 {[%clk 0:01:20.1]} 45. Rc8+ {[%clk 0:00:13.7]} 45... Kh7 {[%clk 0:01:17.3]} 46. Nf4 {[%clk 0:00:14.7]} 46... d4 {[%clk 0:01:15]} 47. c4 {[%clk 0:00:09.5]} 47... Nd2+ {[%clk 0:01:08.4]} 48. Kg4 {[%clk 0:00:07.2]} 48... Rxc4 {[%clk 0:01:08.7]} 49. Rd8 {[%clk 0:00:05.4]} 49... d3 {[%clk 0:01:04.9]} 50. Rxd3 {[%clk 0:00:04.7]} 50... Nf1 {[%clk 0:00:57.9]} 51. Kf3 {[%clk 0:00:03.3]} 51... Nh2+ {[%clk 0:00:55.5]} 52. Kg3 {[%clk 0:00:04]} 52... Nf1+ {[%clk 0:00:56]} 53. Kf3 {[%clk 0:00:05.3]} 53... Nh2+ {[%clk 0:00:56.2]} 54. Kg3 {[%clk 0:00:06.5]} 54... Nf1+ {[%clk 0:00:56.7]} 55. Kf3 {[%clk 0:00:07.7]} 1/2-1/2
",180+2,1693985802,True,mC!TCKTJbsYQfAJPArZJKR0Rgv90eg8!iyRJyGPZlBZTfe0zcM3VMF5ZvK98dvz0emZKBKTZF070aeZIriISvw0zsdzGibG7ks7MwMSMnDMSDLSIoEXPdn6Oml47jzIZliOAiWZKgo1TWX75X585eu54btAtntKEuS4iowEpSQpfwvikQ6!3tDJBsAflvEkA67Bt7tlfEvfpvwpfwvfpvwpfwv,e0b6d0d9-4c86-11ee-b49d-6cfe544c0428,rnbqkbnr/pppppppp/8/8/8/8/PPPPPPPP/RNBQKBNR w KQkq - 0 1,8/6pk/1p3p1p/5P2/1Pr2N2/3R1K2/8/5n2 b - -,blitz,chess,"{'rating': 1966, 'result': 'repetition', '@id': 'https://api.chess.com/pub/player/rinoasadey', 'username': 'rinoasadey', 'uuid': '69ee3a16-8dd8-11ea-923e-9358648e3194'}","{'rating': 1943, 'result': 'repetition', '@id': 'https://api.chess.com/pub/player/mike_retana', 'username': 'Mike_Retana', 'uuid': '6b2c2192-cb63-11e8-804c-000000000000'}","{'white': 78.62, 'black': 82.63}",,rinoasadey,,37065974,https://api.chess.com/pub/player/mglmgl2017,https://www.chess.com/member/mglmgl2017,mglmgl2017,WNM,2,https://api.chess.com/pub/country/MN,,1710255314,1500176441,premium,False,False,Bronze
https://www.chess.com/game/live/105006068889,"[Event ""Live Chess""]
[Site ""Chess.com""]
[Date ""2024.03.24""]
[Round ""-""]
[White ""vaniavindy""]
[Black ""FCS2000""]
[Result ""0-1""]
[CurrentPosition ""rnbqkbnr/pppppppp/8/8/8/8/PPPPPPPP/RNBQKBNR w KQkq -""]
[Timezone ""UTC""]
[UTCDate ""2024.03.24""]
[UTCTime ""08:00:46""]
[WhiteElo ""1960""]
[BlackElo ""1890""]
[TimeControl ""60+1""]
[Termination ""FCS2000 won on time""]
[StartTime ""08:00:46""]
[EndDate ""2024.03.24""]
[EndTime ""08:00:46""]
[Link ""https://www.chess.com/game/live/105006068889""]

0-1
",60+1,1711267246,True,,964abee9-e9b4-11ee-bd0d-6cfe544c0428,rnbqkbnr/pppppppp/8/8/8/8/PPPPPPPP/RNBQKBNR w KQkq - 0 1,rnbqkbnr/pppppppp/8/8/8/8/PPPPPPPP/RNBQKBNR w KQkq -,bullet,chess,"{'rating': 1960, 'result': 'timeout', '@id': 'https://api.chess.com/pub/player/vaniavindy', 'username': 'vaniavindy', 'uuid': 'aeaf0e3e-f71f-11e2-8022-000000000000'}","{'rating': 1890, 'result': 'win', '@id': 'https://api.chess.com/pub/player/fcs2000', 'username': 'FCS2000', 'uuid': '38769f2a-3241-11ea-a56b-494ea4efd50b'}",,,vaniavindy,,338749495,https://api.chess.com/pub/player/resolute31524,https://www.chess.com/member/resolute31524,resolute31524,WNM,4,https://api.chess.com/pub/country/SG,,1711261424,1705177372,premium,False,False,Bronze
